,id.bioguide,handle,state,district,type,party,name.last,inc_name,inc_party,inc_ran,inc_won,had_challenger,winner_votes,runnerup_votes,winner_party,runnerup_party,closeness,week1,week2,week3,week4,week5,week6,week7,week8,week9
0,A000055,robert_aderholt,AL,4.0,rep,Republican,Aderholt,"Aderholt, Rob",R,1,1,0,235925.0,3519.0,R,write in,0.970606905999,1.5081425,,2.45614,19.8266,,10.8463,,0.851852,
2,B001269,reploubarletta,PA,11.0,rep,Republican,Barletta,"Barletta, Lou",R,1,1,1,199421.0,113800.0,R,D,0.273356511856,,-0.114591,3.56129,,0.182323,,,0.869231,
3,B000213,repjoebarton,TX,6.0,rep,Republican,Barton,"Barton, Joe",R,1,1,1,159444.0,106667.0,R,D,0.198327013915,1.93365,,2.55,,,2.17391,2.1165,16.99308,21.8655
4,B001270,repkarenbass,CA,37.0,rep,Democrat,Bass,"Bass, Karen",D,1,1,1,192490.0,44782.0,D,D,0.622526046057,-14.93806,-92.0633933333,-18.224034,-19.0900975,-5.1011025,-11.5096966667,-20.1736143333,-11.3384725,-26.3740875
5,B000287,repbecerra,CA,34.0,rep,Democrat,Becerra,"Becerra, Xavier",D,1,1,1,122842.0,36314.0,D,D,0.543667847898,-30.206601,-40.4079683333,-17.2386933333,-5.43249246667,-4.29144325,-3.787882,-2.16768533333,-3.9034875,-12.66116625
6,B001271,congressmandan,MI,1.0,rep,Republican,Benishek,"Bergman, Jack",R,0,0,0,197777.0,144334.0,R,D,0.156215380388,,,,,,,,,
7,B001257,repgusbilirakis,FL,12.0,rep,Republican,Bilirakis,"Bilirakis, Gus",R,1,1,1,253559.0,116110.0,R,D,0.371816408733,1.31244333333,,,,,,1.89796,10.7116,
8,B001250,reprobbishop,UT,1.0,rep,Republican,Bishop,"Bishop, Rob",R,1,1,1,182925.0,73380.0,R,D,0.427400948089,,,,,,,,,
9,B000490,sanfordbishop,GA,2.0,rep,Democrat,Bishop,"Bishop, Sanford",D,1,1,1,148543.0,94056.0,D,R,0.22459696866,-1.03457,0.231907,-1.02609,-49.9906,0.699301,,-0.944954,-4.69565,
10,B001273,repdianeblack,TN,6.0,rep,Republican,Black,"Black, Diane",R,1,1,1,202234.0,61995.0,R,D,0.530747949695,2.97440833333,3.72759885714,7.829558,7.146729,2.420896,9.99150833333,5.29247333333,9.057695,3.2809
11,B001243,marshablackburn,TN,7.0,rep,Republican,Blackburn,"Blackburn, Marsha",R,1,1,1,200407.0,65226.0,R,D,0.50890137897,1.26375,2.04484625,0.67664,3.27520125,1.04054,1.08696,1.09332566667,7.04360666667,1.85091333333
12,B000574,blumenauermedia,OR,3.0,rep,Democrat,Blumenauer,"Blumenauer, Earl",D,1,1,1,274687.0,78154.0,D,I,0.55700159562,,,,,,,,,
13,B001255,repboustany,LA,3.0,rep,Republican,Boustany,"Higgins, Clay",R,0,0,0,91532.0,84912.0,R,R,0.0375189861939,1.314222,0.571769,0.974576,9.514873,4.19265333333,,1.552931,0.796748,
14,B000755,repkevinbrady,TX,8.0,rep,Republican,Brady,"Brady, Kevin",R,1,1,1,236379.0,0.0,R,NONE,1.0,7.76292166667,18.0770575,5.08546150333,7.298835,9.630764,17.2899,10.460926,18.28328,10.4938086
15,B001227,repbrady,PA,1.0,rep,Democrat,Brady,"Brady, Bob",D,1,1,1,245791.0,53219.0,D,R,0.644031972175,-1.51076333333,,,,-0.728736,-8.46856666667,-10.3945,,
16,B001274,repmobrooks,AL,5.0,rep,Republican,Brooks,"Brooks, Mo",R,1,1,1,205647.0,102234.0,R,D,0.335886267746,3.753665,7.327078,5.72549,13.6012,0.013986,,,,1.33673
17,B000911,repcorrinebrown,FL,5.0,rep,Democrat,Brown,"Lawson, Al",D,1,1,1,194549.0,108325.0,D,R,0.28468604106,,,,,,,,,
18,B001260,vernbuchanan,FL,16.0,rep,Republican,Buchanan,"Buchanan, Vern",R,1,1,1,230654.0,155262.0,R,D,0.195358575441,0.426322041,0.691402575,0.570156605,-0.00115266,0.647186666667,1.09709,1.09795666667,0.838044333333,0.90860666225
19,B001275,replarrybucshon,IN,8.0,rep,Republican,Bucshon,"Bucshon, Larry",R,1,1,1,187702.0,93356.0,R,D,0.335681603085,4.099385,4.48891733333,2.82355266667,11.527016,5.90678,12.15182,6.80561666667,10.63921,28.0714
20,B001248,michaelcburgess,TX,26.0,rep,Republican,Burgess,"Burgess, Michael",R,1,1,1,211730.0,94507.0,R,D,0.382785228434,3.17226385714,9.64109642857,3.910375,6.42401833333,4.90961666667,2.539408,5.619437175,3.67269833333,46.31925
21,B001251,gkbutterfield,NC,1.0,rep,Democrat,Butterfield,"Butterfield, G.K.",D,1,1,1,240661.0,101567.0,D,R,0.406436644576,-31.201828,-44.9651933333,-41.81591,-23.698446725,-0.944557,-1.013356,-16.951423,-21.594805,-42.551175
22,C000059,kencalvert,CA,42.0,rep,Republican,Calvert,"Calvert, Ken",R,1,1,1,149547.0,104689.0,R,D,0.176442360641,,,,8.32141,1.81356,13.165,6.92553,23.2032,0.969388
23,C001036,reploiscapps,CA,24.0,rep,Democrat,Capps,"Carbajal, Salud",D,0,0,0,166034.0,144780.0,D,D,0.0683817331266,-33.196006,-45.494674,-2.3844825,-22.353045,-1.0,-29.50942,-18.3585175,-20.90466,-35.9949
24,C001037,repmikecapuano,MA,7.0,rep,Democrat,Capuano,"Capuano, Mike",D,1,1,1,253354.0,3557.0,D,Write in,0.972309476823,,,,,,,,,
25,C001083,johncarneyde,DE,0.0,rep,Democrat,Carney,"Blunt Rochester, Lisa",D,1,1,1,233554.0,172301.0,D,R,0.150923359328,-40.971865,-7.26829,-10.9804,-0.66223,,,,,
26,C001072,repandrecarson,IN,7.0,rep,Democrat,Carson,"Carson, Andre",D,1,1,1,158739.0,94456.0,D,R,0.25388732005,-0.34211,-21.588315,,-28.22447,-11.564085,-0.969027,-0.8968465,-1.241885,-2.25652
27,C001051,judgecarter,TX,31.0,rep,Republican,Carter,"Carter, John",R,1,1,1,166060.0,103852.0,R,D,0.230475117816,2.2245066,1.81954971429,8.23511833333,10.3293764,4.1756875,0.831308,3.05815,10.051637,6.051328
28,C001066,usrepkcastor,FL,14.0,rep,Democrat,Castor,"Castor, Kathy",D,1,1,1,195789.0,121088.0,D,R,0.235741312875,-44.1565445714,-44.4575225,-45.45454,-6.229427,-30.346366,-27.6902185,-17.485778304,-39.017744,-32.6011528571
29,C000266,repstevechabot,OH,1.0,rep,Republican,Chabot,"Chabot, Steve",R,1,1,1,210014.0,144644.0,R,D,0.184318413796,9.609916,3.45763,7.824885,13.05167,6.6944875,13.5983,2.62413,14.566276,-0.074886
30,C001076,jasoninthehouse,UT,3.0,rep,Republican,Chaffetz,"Chaffetz, Jason",R,1,1,1,209589.0,75716.0,R,D,0.469227668635,2.89206625,2.47651,9.73685,1.06429,,2.17392,3.95745,6.95012,2.48117525
31,C001080,repjudychu,CA,27.0,rep,Democrat,Chu,"Chu, Judy",D,1,1,1,168977.0,81655.0,D,R,0.348407226531,-45.849572175,-83.8407,-17.933705,-20.39724825,-1.4581205,-27.299825,-16.953095,-8.9282,
32,C001084,repcicilline,RI,1.0,rep,Democrat,Cicilline,"Cicilline, David",D,1,1,1,130534.0,71023.0,D,R,0.295256428703,-70.6032578,-110.0227625,-61.80428,-45.7547,-30.5785333333,-26.079672,-18.0891533333,-25.9259025,-45.09795
33,C001067,yvetteclarke,NY,9.0,rep,Democrat,Clarke,"Clarke, Yvette",D,1,1,1,214189.0,17576.0,D,C,0.848329126486,,,,,,,,,
35,C001061,repcleaver,MO,5.0,rep,Democrat,Cleaver,"Cleaver, Emanuel",D,1,1,1,190766.0,123771.0,D,R,0.21299560942,-6.3020876,-194.11,-8.202654,-32.020135,-0.1192925,0.375556,-18.2483175,-3.68411,-9.614692325
36,C000537,clyburn,SC,6.0,rep,Democrat,Clyburn,"Clyburn, Jim",D,1,1,1,177947.0,70099.0,D,R,0.43479032115,-0.957143,-125.92788,-19.13218,-49.9906,,-36.4602,-2.10752,-11.323005,
37,C001077,repmikecoffman,CO,6.0,rep,Republican,Coffman,"Coffman, Mike",R,1,1,1,191626.0,160372.0,R,D,0.0887902772175,1.30064863333,19.6926635,3.93032666667,12.6586,,0.974138,3.07044,2.60271,
38,C001068,repcohen,TN,9.0,rep,Democrat,Cohen,"Cohen, Steve",D,1,1,1,171631.0,41123.0,D,R,0.613422074321,-11.3916245,-48.42999,-11.027258,-25.3313466667,-23.5508716667,-7.175284,-22.966448,-23.4758775,-11.61736
39,C001053,tomcoleok04,OK,4.0,rep,Republican,Cole,"Cole, Tom",R,1,1,1,204143.0,76472.0,R,D,0.454968551218,-0.927027,1.490305,0.890323,,,,1.97872,,1.15957
40,C001062,conawaytx11,TX,11.0,rep,Republican,Conaway,"Conaway, Michael",R,1,1,1,201871.0,23677.0,R,L,0.790049124798,,,,,,,,,
41,C001078,gerryconnolly,VA,11.0,rep,Democrat,Connolly,"Connolly, Gerry",D,1,1,0,247818.0,34185.0,D,Write in,0.757555770683,-0.422923,-2.58593933333,-2.944582,-1.42232233333,-0.822362,-1.31303333333,-2.395008,-1.74913,-0.8131765
42,C000714,repjohnconyers,MI,13.0,rep,Democrat,Conyers,"Conyers, John",D,1,1,1,198771.0,40541.0,D,R,0.6611870696,-45.93528,-2.13879553333,-23.2408633333,-27.2205933333,-0.994653,-1.02655,,-22.07857,
43,C000754,repjimcooper,TN,5.0,rep,Democrat,Cooper,"Cooper, Jim",D,1,1,1,171111.0,102433.0,D,R,0.25106746995,-6.70001,-8.67158,-9.96679,-24.05314,-1.01205935,-1.04192333333,,-4.69565,
44,C001059,repjimcosta,CA,16.0,rep,Democrat,Costa,"Costa, Jim",D,1,1,1,97473.0,70483.0,D,R,0.160696849175,-1.859375,-23.0255,-0.38201,-17.810997,-0.9065885,-1.391505,-30.8571,,-3.480705
45,C001069,repjoecourtney,CT,2.0,rep,Democrat,Courtney,"Courtney, Joe",D,1,1,1,208818.0,111149.0,D,R,0.305247103608,-51.782812,-56.226165,-18.3137332,-1.60956425,-1.7714785,-3.13519666667,-0.017029298775,-3.3892,-21.830563
46,C001087,reprickcrawford,AR,1.0,rep,Republican,Crawford,"Crawford, Rick",R,1,1,1,183866.0,57181.0,R,L,0.525561405037,-1.03017,4.39728,1.829157,6.45294666667,1.90678,1.314195,,,
47,C001045,andercrenshaw,FL,4.0,rep,Republican,Crenshaw,"Rutherford, John",R,1,1,1,287509.0,113088.0,R,D,0.435402661528,,,,,,,,,
48,C001038,repjoecrowley,NY,14.0,rep,Democrat,Crowley,"Crowley, Joe",D,1,1,1,147587.0,30545.0,D,R,0.657052073743,-56.2635633333,-98.1913981667,-65.654566,-49.6814641,-32.73062,-65.1529,-55.3582,-33.45622,-43.6505
49,C001063,repcuellar,TX,28.0,rep,Democrat,Cuellar,"Cuellar, Henry",D,1,1,1,122086.0,57740.0,D,R,0.357823673996,,-3.032165,-3.18323333333,-0.949153,,,-0.52690859755,,
50,C001048,congculberson,TX,7.0,rep,Republican,Culberson,"Culberson, John",R,1,1,1,143542.0,111991.0,R,D,0.12347133247,2.04935525,16.4496653333,,5.953135,0.90678,3.147655,1.95325,13.0385,9.486985
51,C000984,repcummings,MD,7.0,rep,Democrat,Cummings,"Cummings, Elijah",D,1,1,1,238838.0,69556.0,D,R,0.548914700027,-23.2187321667,-35.4268466667,-53.1246833333,-33.46946,-14.6471985,-21.3398,-47.067,-34.1922,-2.1639005
52,D000096,repdannydavis,IL,7.0,rep,Democrat,Davis,"Davis, Danny",D,1,1,1,250584.0,46882.0,D,R,0.684790866855,,,,-0.0821828,,,,,-2.357615
53,D000598,repsusandavis,CA,53.0,rep,Democrat,Davis,"Davis, Susan",D,1,1,1,198988.0,97968.0,D,R,0.340185077924,0.22791073,-59.74498,-0.7993,,-1.131068,-27.60893515,-2.02151,-3.82214333333,-40.9482
54,D000191,reppeterdefazio,OR,4.0,rep,Democrat,DeFazio,"DeFazio, Peter",D,1,1,1,220628.0,157743.0,D,R,0.166199312315,-0.927027,-5.43479,-4.49276,-16.9739,,,-0.619403333333,,
55,D000197,repdianadegette,CO,1.0,rep,Democrat,DeGette,"DeGette, Diana",D,1,1,1,257254.0,105030.0,D,R,0.420178644378,-32.2668694,-42.6534228571,-46.286252,-24.21749614,-15.3802625,-15.5610633333,-50.6292,-1.706645,-68.523
56,D000216,rosadelauro,CT,3.0,rep,Democrat,DeLauro,"DeLauro, Rosa",D,1,1,1,213572.0,95786.0,D,R,0.380743345897,-55.30362,-118.86866,-65.83605,-41.263945,-32.9637,-70.5303666667,-36.0067666667,-49.3919,-53.181675
57,D000612,repjeffdenham,CA,10.0,rep,Republican,Denham,"Denham, Jeff",R,1,1,1,124671.0,116470.0,R,D,0.0340091481747,4.20758666667,2.83466166667,2.157363,1.73824025,1.72573333333,6.422945,1.77115866667,0.0573318,4.92254666667
59,D000616,desjarlaistn04,TN,4.0,rep,Republican,DesJarlais,"DesJarlais, Scott",R,1,1,1,165796.0,89141.0,R,D,0.30068212931,2.0081132,6.36058,2.063235,,1.675186,9.51913913,3.86857666667,9.97991666667,8.36727333333
60,D000610,repteddeutch,FL,21.0,rep,Democrat,Deutch,"Frankel, Lois",D,1,1,1,210606.0,118038.0,D,R,0.281666484098,-18.345085,-35.4429364,-8.6338412,-3.01548325,1.94683925,-4.86161466667,-1.449439,-1.921765,-11.7875303333
61,D000600,mariodb,FL,25.0,rep,Republican,Diaz-Balart,"Diaz-Balart, Mario",R,1,1,1,157921.0,95319.0,R,D,0.247204233139,1.30864966667,1.029578,5.74535666667,3.8566017,4.339394,6.593705,4.584854,1.7518892,7.37116833333
62,D000399,replloyddoggett,TX,35.0,rep,Democrat,Doggett,"Doggett, Lloyd",D,1,1,1,124612.0,62384.0,D,R,0.332777171704,-1.37229,-55.3711666667,-0.801169,-27.990445,-14.4665,-9.240926,-59.5321,-20.3583,-34.203114
63,D000482,usrepmikedoyle,PA,14.0,rep,Democrat,Doyle,"Doyle, Michael",D,1,1,1,255293.0,87999.0,D,R,0.487322745651,,-142.917,-1.560995,,,,-1.01075,,-7.22105
64,D000614,repseanduffy,WI,7.0,rep,Republican,Duffy,"Duffy, Sean",R,1,1,1,223418.0,138643.0,R,D,0.234145627394,5.45044123,7.06345,1.89010772333,5.57419,1.508405,2.17392,7.212314,0.756381666667,
65,D000615,repjeffduncan,SC,3.0,rep,Republican,Duncan,"Duncan, Jeff",R,1,1,1,196325.0,72933.0,R,D,0.458266792444,3.04595333333,11.29753625,2.86274,4.795745,,3.85153533333,2.885645,2.517688,6.11293333333
66,D000533,repjohnduncanjr,TN,2.0,rep,Republican,Duncan,"Duncan, John",R,1,1,1,212455.0,68401.0,R,D,0.512910530663,0.694593,4.55057,0.272246666667,,1.0,,,,
67,E000290,repdonnaedwards,MD,4.0,rep,Democrat,Edwards,"Brown, Anthony",D,0,0,0,237501.0,68670.0,D,R,0.551427143655,-56.44879,-105.078647143,-63.2100157143,-57.5651942857,-37.8243333333,-53.0930671429,-27.95478,-42.72252,-46.0220314286
68,E000288,keithellison,MN,5.0,rep,Democrat,Ellison,"Ellison, Keith",D,1,1,1,249964.0,80660.0,D,R,0.512074138599,-3.2186025,-7.811524,-6.1983425,-30.9232685,-2.25898666667,-3.08552,-2.0714698,-1.766465,-2.765605
69,E000291,repreneeellmers,NC,2.0,rep,Republican,Ellmers,"Holding, George",R,1,1,1,221485.0,169082.0,R,D,0.134171601799,9.5557755,14.2123683333,5.58965666667,10.6817925,17.6834033333,9.0957125,2.0807819,12.68976,5.8359
70,E000179,repeliotengel,NY,16.0,rep,Democrat,Engel,"Engel, Eliot",D,1,1,1,209857.0,11825.0,D,PC,0.893315650346,-33.3169701429,-50.3647234286,-18.6940583333,-24.950928,-25.0661125,-15.574002,-10.3945,-18.8783943333,-30.29535525
71,E000215,repannaeshoo,CA,18.0,rep,Democrat,Eshoo,"Eshoo, Anna",D,1,1,1,230460.0,93470.0,D,R,0.422900009261,-0.927027,-36.8824,,,,,,,-25.3574
72,F000460,farenthold,TX,27.0,rep,Republican,Farenthold,"Farenthold, Blake",R,1,1,1,142251.0,88329.0,R,D,0.233853760083,2.616645,4.29629516667,2.53552883333,1.65429233333,1.01681,,1.273282,2.882793,
73,F000030,repsamfarr,CA,20.0,rep,Democrat,Farr,"Panetta, Jimmy",D,0,0,0,180980.0,74811.0,D,R,0.415061515065,-41.9162438571,-90.888035,-18.3665366667,-28.06575362,-7.37726616667,-13.4307516667,-11.5895033333,-2.476888,-37.468274
74,F000458,repfinchertn08,TN,8.0,rep,Republican,Fincher,"Kustoff, David",R,0,0,0,194386.0,70925.0,R,D,0.465344444821,,7.4625115,,20.33164467,2.20613525,10.8463,4.7449,0.796748,
75,F000451,repfitzpatrick,PA,8.0,rep,Republican,Fitzpatrick,"Fitzpatrick, Brian",R,1,1,1,207263.0,173555.0,R,D,0.0885147235687,0.967105,,0.025,1.585715,,,1.02857,,1.069305
76,F000459,repchuck,TN,3.0,rep,Republican,Fleischmann,"Fleischmann, Chuck",R,1,1,1,176613.0,76727.0,R,D,0.394276466409,0.578167666667,3.23154666667,4.56565,0.996661,0.333333,,1.50415733333,0.7435588,-1.36815
77,F000456,repfleming,LA,4.0,rep,Republican,Fleming,"Johnson, Mike",R,0,0,0,80593.0,70580.0,D,R,0.0662353727187,,3.95576,9.73685,31.2619,,3.26087,3.8665,,
78,F000461,repbillflores,TX,17.0,rep,Republican,Flores,"Flores, Bill",R,1,1,1,149417.0,86603.0,R,D,0.266138462842,14.664725,10.9657175,1.670367,4.7881125,17.92985,2.787425,7.29907,12.49202,11.865285
79,F000445,randy_forbes,VA,4.0,rep,Republican,Forbes,"McEachin, Donald",R,0,0,0,200136.0,145731.0,D,R,0.157300349556,,,,,,,,,
80,F000449,jefffortenberry,NE,1.0,rep,Republican,Fortenberry,"Fortenberry, Jeff",R,1,1,1,189771.0,83467.0,R,D,0.389052767185,,0.650602,,,,,,,
81,F000450,virginiafoxx,NC,5.0,rep,Republican,Foxx,"Foxx, Virginia",R,1,1,1,207625.0,147887.0,R,D,0.168033709129,1.93421,7.6366,5.090665,15.1569706667,1.01681,,,3.64912,
82,F000448,reptrentfranks,AZ,8.0,rep,Republican,Franks,"Franks, Trent",R,1,1,1,204942.0,93954.0,R,G,0.371326481452,1.665319872,,5.61036,12.6722,,0.909836,,10.7116,
83,F000372,usreprodney,NJ,11.0,rep,Republican,Frelinghuysen,"Frelinghuysen, Rodney",D,1,1,1,194299.0,130162.0,D,R,0.197672447536,1.90977416667,2.80056,1.7269576,2.72142033333,0.901988,1.01619866667,1.8469805,0.805326333333,10.3284436667
84,F000455,repmarciafudge,OH,11.0,rep,Democrat,Fudge,"Fudge, Marcia",D,1,1,1,242917.0,59769.0,D,R,0.605075887223,-11.885584,-12.306335,-35.492936,-19.87503751,-6.488253892,-13.79045,-33.1985425,-14.15363,-39.668815
85,G000559,repgaramendi,CA,3.0,rep,Democrat,Garamendi,"Garamendi, John",D,1,1,1,152513.0,104453.0,D,R,0.187028634138,-1.0651865,-31.2997,-2.29206,,-1.095738,-1.06667,,-2.4206475,-1.01042
86,G000548,repgarrett,NJ,5.0,rep,Republican,Garrett,"Gottheimer, Josh",D,1,1,1,172587.0,157690.0,D,R,0.045104563745,0.089041,6.5845,,,,,,,
87,G000563,repbobgibbs,OH,7.0,rep,Republican,Gibbs,"Gibbs, Bob",R,1,1,1,198221.0,89638.0,R,D,0.377208980786,7.1224975,1.468802,-0.00438714,10.35815925,2.0,,,0.912281,
88,G000564,repchrisgibson,NY,19.0,rep,Republican,Gibson,"Faso, John",R,0,0,0,166171.0,141224.0,R,D,0.0811561671465,,,1.25,,,,,,
89,G000552,replouiegohmert,TX,1.0,rep,Republican,Gohmert,"Gohmert, Louie",R,1,1,1,192434.0,62847.0,R,D,0.507624930958,1.81380833333,9.833726,4.510191,7.0503425,1.77999333333,5.8219536,1.605495,8.7255844,4.36773166667
90,G000289,repgoodlatte,VA,6.0,rep,Republican,Goodlatte,"Goodlatte, Bob",R,1,1,1,225471.0,112170.0,R,D,0.335566474451,9.56565,5.7631438,19.6871033333,13.93544,6.563406,5.10603,1.041311,9.63120656714,2.4579025
91,G000565,repgosar,AZ,4.0,rep,Republican,Gosar,"Gosar, Paul",R,1,1,1,203487.0,81296.0,R,D,0.42906704403,,4.241765,2.8036318,0.953125,,,2.80825,2.39024,2.54293
92,G000566,tgowdysc,SC,4.0,rep,Republican,Gowdy,"Gowdy, Trey",R,1,1,1,198648.0,91676.0,R,D,0.368457309764,1.37997,24.362623,5.71788,6.41717666667,,,,1.35278,1.4642355
93,G000377,repkaygranger,TX,12.0,rep,Republican,Granger,"Granger, Kay",R,1,1,1,196482.0,76029.0,R,D,0.442011515131,,,,,,,,,
94,G000546,repsamgraves,MO,6.0,rep,Republican,Graves,"Graves, Sam",R,1,1,1,238388.0,99692.0,R,D,0.410246095599,1.37997,27.12345,,5.78255,11.1849,,,12.16665,
95,G000560,reptomgraves,GA,14.0,rep,Republican,Graves,"Graves, Tom",R,1,1,1,216743.0,0.0,R,NONE,1.0,0.965604166667,17.3556425,6.2691245,14.78745,5.436105,3.965566,,1.5,1.33673
96,G000553,repalgreen,TX,9.0,rep,Democrat,Green,"Green, Al",D,1,1,1,152032.0,36491.0,D,R,0.61287482164,-1.37229,-1.302855,-14.6471,-4.30556,1.4797965,,,,
97,G000410,repgenegreen,TX,29.0,rep,Democrat,Green,"Green, Gene",D,1,1,1,95649.0,31646.0,D,R,0.502792725559,-4.41448,-6.61044,-0.00219357,-5.714955,-1.5562431456,,-1.01075,,
98,G000568,repmgriffith,VA,9.0,rep,Republican,Griffith,"Griffith, Morgan",R,1,1,1,212838.0,87877.0,R,D,0.415546281363,0.852349,,,,,,,,
99,G000551,repraulgrijalva,AZ,3.0,rep,Democrat,Grijalva,"Grijalva, Raul",D,1,1,0,148973.0,2062.0,D,write in,0.972695070679,-25.184695,-66.1436433333,-30.57614,-10.38861525,-19.4615,,-18.3636143333,,-19.1414305
100,G000558,repguthrie,KY,2.0,rep,Republican,Guthrie,"Guthrie, Brett",R,1,1,0,251825.0,0.0,R,NONE,1.0,20.8955,4.42623,,,-0.15265,,,,
101,G000535,luisgutierrez,IL,4.0,rep,Democrat,Gutiérrez,"Gutierrez, Luis",D,1,1,0,171297.0,0.0,D,NONE,1.0,,,,,,,,,
102,H001051,reprichardhanna,NY,22.0,rep,Republican,Hanna,"Tenney, Claudia",R,0,0,0,129444.0,114266.0,R,D,0.0622789380821,,4.258835,13.179188,10.4365,,,1.05825,,
103,H001045,greggharper,MS,3.0,rep,Republican,Harper,"Harper, Gregg",R,1,1,1,209490.0,96101.0,R,D,0.371048231132,1.7047,0.000891266,,2.40476,2.33952,1.94828,,,1.15957
104,H001052,repandyharrismd,MD,1.0,rep,Republican,Harris,"Harris, Andy",R,1,1,1,242574.0,103622.0,R,D,0.401368011184,0.528073,8.67166,1.9085,2.55605,,1.09709,1.89796,2.25,22.9429
105,H001053,rephartzler,MO,4.0,rep,Republican,Hartzler,"Hartzler, Vicki",R,1,1,1,225348.0,92510.0,R,D,0.417916176406,2.331877,15.0098793333,12.60979,15.9302271429,6.861315,6.62530266667,1.72727,16.63846,10.0460094
106,H000324,rephastingsfl,FL,20.0,rep,Democrat,Hastings,"Hastings, Alcee",D,1,1,1,222914.0,54646.0,D,R,0.606240092232,,,,-43.46515,-29.7757,-43.9901,-30.8571,-30.68355,-14.55736
107,H001055,repjoeheck,NV,3.0,rep,Republican,Heck,"Rosen, Jacky",D,1,1,1,146869.0,142926.0,D,R,0.0136061698787,0.757465666667,8.9252375,0.954248,1.378425,2.28095,0.978098666667,1.17822,0.843837333333,1.21569
108,H001036,rephensarling,TX,5.0,rep,Republican,Hensarling,"Hensarling, Jeb",R,1,1,1,155469.0,37406.0,R,L,0.61212184057,12.34627,12.1387,0.968933333333,2.28547,10.8814,14.5574,,0.84608,
109,H001056,herrerabeutler,WA,3.0,rep,Republican,Herrera Beutler,"Herrera Beutler, Jaime",R,1,1,1,193457.0,119820.0,R,D,0.235053961829,,,,,0.235718,,,,
110,H001038,repbrianhiggins,NY,26.0,rep,Democrat,Higgins,"Higgins, Brian",D,1,1,1,215289.0,73377.0,D,R,0.491613144603,-5.5334046,-50.6681205,-1.48359666667,-14.4074245,-2.014159,-3.261025,-0.12520075,-2.411525,-0.4554886325
111,H001047,jahimes,CT,4.0,rep,Democrat,Himes,"Himes, Jim",D,1,1,1,187811.0,125724.0,D,R,0.198022549317,-3.37633666667,-16.045672,-6.8367175,-13.371101,-2.802834,-6.16916333333,-1.73515466667,-2.695725,-2.10026335
112,H000636,usreprhinojosa,TX,15.0,rep,Democrat,Hinojosa,"Gonzalez, Vicente",D,1,1,1,101712.0,66877.0,D,R,0.206626766871,-4.53997,-2.240295,-5.79191,-28.12724,,,,-1.09615,
113,H001034,repmikehonda,CA,17.0,rep,Democrat,Honda,"Khanna, Ro",D,1,0,1,142268.0,90924.0,D,D,0.2201790799,-29.1321933333,-97.3387633333,-23.6539772,-2.4249848,-9.42386428571,-19.44412,-12.7034565,-31.43736,-27.7555836
114,H000874,whiphoyer,MD,5.0,rep,Democrat,Hoyer,"Hoyer, Steny",D,1,1,1,242989.0,105931.0,D,R,0.392806373954,-53.8948078333,-96.18074,-60.31571,-57.365228,-28.156915,-65.73775,-36.0067666667,-48.123075,-64.2186
115,H001057,conghuelskamp,KS,1.0,rep,Republican,Huelskamp,"Marshall, Roger",R,0,0,0,169992.0,67739.0,R,I,0.430120598492,3.18941,5.334424,9.78492,12.915598,10.034006,3.440394,8.91274,16.6057082,7.4087625
116,H001058,rephuizenga,MI,2.0,rep,Republican,Huizenga,"Huizenga, Bill",R,1,1,1,212508.0,110391.0,R,D,0.31625059229,5.573604,1.080827,6.8201615,5.244235,4.72727,6.81897,9.598635,,
117,H001059,rephultgren,IL,14.0,rep,Republican,Hultgren,"Hultgren, Randy",R,1,1,1,200508.0,137589.0,R,D,0.1860974809,6.98519,6.38434333333,3.93454428571,1.879611886,3.043847825,1.26143,1.601934,7.6324718,14.7863625
118,H001048,rep_hunter,CA,50.0,rep,Republican,Hunter,"Hunter, Duncan",R,1,1,1,179937.0,103646.0,R,D,0.269025294182,,,,,,,,,
119,H001060,reproberthurt,VA,5.0,rep,Republican,Hurt,"Garrett, Tom",R,0,0,0,207758.0,148339.0,R,D,0.166861838207,0.9958475,-0.091158,1.0158665,,2.36364,,,0.851852,
120,I000057,repsteveisrael,NY,3.0,rep,Democrat,Israel,"Suozzi, Tom",D,1,1,1,171775.0,152304.0,D,R,0.0600810296255,-51.0455711667,-91.03824,-50.4255966667,-40.076849,-27.2631114,-51.41524,-7.96484133333,-41.8548,-38.5850675
121,I000056,darrellissa,CA,49.0,rep,Republican,Issa,"Issa, Darrell",R,1,1,1,155888.0,154267.0,R,R,0.00522641904854,,6.615326,1.78065,,,,,0.421653,1.25913
122,J000032,jacksonleetx18,TX,18.0,rep,Democrat,Jackson Lee,"Jackson-Lee, Sheila",D,1,1,1,150157.0,48306.0,D,R,0.513198933806,-71.330952,-77.61235,-92.246725,-67.055025,1.06785,-60.8100666667,-21.99679,-32.05129,-45.03444625
123,J000290,replynnjenkins,KS,2.0,rep,Republican,Jenkins,"Jenkins, Lynn",R,1,1,1,181228.0,96840.0,R,D,0.303479724384,4.99081666667,16.4496653333,8.015185,7.74898066667,0.843987666667,9.32738,,14.1668,
124,J000292,repbilljohnson,OH,6.0,rep,Republican,Johnson,"Johnson, Bill",R,1,1,1,213975.0,88780.0,R,D,0.413519182177,3.22191033333,1.0303,4.13508,8.150629575,,7.32405,2.01258,0.047684,0.296599
125,J000126,repebj,TX,30.0,rep,Democrat,Johnson,"Johnson, E.B.",D,1,1,1,170502.0,41518.0,D,R,0.608357702104,-41.81952,-5.82353,-63.9979225,-54.414,-31.53605,-44.61285,-36.890325,-4.70895666667,-107.64
126,J000288,rephankjohnson,GA,4.0,rep,Democrat,Johnson,"Johnson, Hank",D,1,1,1,220146.0,70593.0,D,R,0.514389194432,-60.973338,-124.5044,-60.0452283333,-57.8110168333,-30.2111333333,-60.520325,-29.3012,-33.1817775,-62.3458
127,J000174,samspressshop,TX,3.0,rep,Republican,Johnson,"Johnson, Sam",R,1,1,1,193684.0,109420.0,R,D,0.278003589527,,,1.275,,0.404196,,,,
128,J000255,repwalterjones,NC,3.0,rep,Republican,Jones,"Jones, Walter",R,1,1,1,217531.0,106170.0,R,D,0.34402426931,1.42218,6.6859635,3.12802,-0.024556,7.25424,9.27838,,,
129,J000289,jim_jordan,OH,4.0,rep,Republican,Jordan,"Jordan, Jim",R,1,1,1,210227.0,98981.0,R,D,0.359777237329,,6.37047,8.2794305,21.089645,,3.56478,,27.4287466667,
130,K000009,repmarcykaptur,OH,9.0,rep,Democrat,Kaptur,"Kaptur, Marcy",D,1,1,1,193966.0,88427.0,D,R,0.373730935257,-5.069555,-1.17963571429,-1.555755828,-1.8529,-1.652541,-1.82301,-0.5051765875,-2.70833,-4.3913
131,K000375,usrepkeating,MA,9.0,rep,Democrat,Keating,"Keating, Bill",D,1,1,1,211790.0,127803.0,D,R,0.247316640802,-2.22471725,0.0676966666667,-0.905202,,-0.967118333333,-4.3964,-0.848739,-2.21945,-0.748092
132,K000376,mikekellypa,PA,3.0,rep,Republican,Kelly,"Kelly, Mike",R,1,1,0,271098.0,244893.0,R,NONE,0.0507857695192,2.2778418,4.42623,14.582,14.4032666667,5.495695,4.17208333333,2.39391666667,25.0222333333,2.90816
133,K000188,repronkind,WI,3.0,rep,Democrat,Kind,"Kind, Ron",D,1,1,0,257401.0,169.0,D,Write in,0.998687735373,,-4.85294,-1.04795,,,,,,-2.06316
134,K000210,reppeteking,NY,2.0,rep,Republican,King,"King, Peter",R,1,1,1,181506.0,110938.0,R,D,0.241304318092,0.024945,,4.34754,0.154969,1.08108,-0.785395,1.023806,,1.15957
135,K000362,stevekingia,IA,4.0,rep,Republican,King,"King, Steve",R,1,1,1,226719.0,142993.0,R,D,0.226462760203,0.884615,,,1.05893,,-1.223405,,,
136,K000378,repkinzinger,IL,16.0,rep,Republican,Kinzinger,"Kinzinger, Adam",R,1,1,0,259722.0,131.0,R,write in,0.998991737636,1.44181,10.1564942857,9.208555,13.0397955,8.86758333333,10.9574425,5.82902428571,17.1991914,15.98831
137,K000363,repjohnkline,MN,2.0,rep,Republican,Kline,"Lewis, Jason",R,0,0,0,173970.0,167315.0,R,D,0.0194998315191,,,-0.384204,,,,,,
138,L000573,raul_labrador,ID,1.0,rep,Republican,Labrador,"Labrador, Raul",R,1,1,1,242252.0,113052.0,R,D,0.363632269831,,,,,1.01681,,,,
139,L000564,repdlamborn,CO,5.0,rep,Republican,Lamborn,"Lamborn, Doug",R,1,1,1,225445.0,111676.0,R,D,0.33747230223,5.9655952,11.693546,6.1418,13.3438098,9.58053,2.528075,4.870545,0.41322795,13.4240702
140,L000567,replancenj7,NJ,7.0,rep,Republican,Lance,"Lance, Leonard",R,1,1,1,185850.0,148188.0,R,D,0.112747651465,8.19672,1.45643966667,4.13986,2.0797375,2.03362,,-0.00137152,1.5,14.5305455
141,L000559,jimlangevin,RI,2.0,rep,Democrat,Langevin,"Langevin, Jim",D,1,1,1,133108.0,70301.0,D,R,0.308771981574,-16.3493820133,-3.59220666667,-13.2171552,-5.4964875,-6.59871756967,-1.59227566667,-5.788165,-2.9118498,-5.991306
142,L000560,repricklarsen,WA,2.0,rep,Democrat,Larsen,"Larsen, Rick",D,1,1,1,208314.0,117094.0,D,R,0.280325007375,-1.21405,-182.703,-17.130765,-2.51025075,-18.43115,-4.880172,-1.8626675,-2.02123,-4.48879
143,L000557,repjohnlarson,CT,1.0,rep,Democrat,Larson,"Larson, John",D,1,1,1,200686.0,105674.0,D,R,0.310131871001,-35.96578675,-131.029,,,-0.7537385,,,,
144,L000566,boblatta,OH,5.0,rep,Republican,Latta,"Latta, Bob",R,1,1,1,244599.0,100392.0,R,D,0.418002208753,1.37997,9.67352666667,,,,0.974138,,,
145,L000551,repbarbaralee,CA,13.0,rep,Democrat,Lee,"Lee, Barbara",D,1,1,1,293117.0,29754.0,D,R,0.815691096444,-55.1177316667,-101.1907,-61.78312,-65.83714,-31.7923408333,-18.2246812,-23.5261333333,-4.44029666667,-33.45146
146,L000263,repsandylevin,MI,9.0,rep,Democrat,Levin,"Levin, Sander",D,1,1,1,199661.0,128937.0,D,R,0.215229551002,-66.2906333333,-125.779325,-58.4739,-23.19756,-28.9916,-60.0542,-44.24965,,-75.58555
147,L000287,repjohnlewis,GA,5.0,rep,Democrat,Lewis,"Lewis, John",D,1,1,1,253781.0,46768.0,D,R,0.688782860698,-2.34646,-20.615115,-2.635349,-49.9906,-11.0090666667,-26.273275,,,-0.878261
148,L000563,replipinski,IL,3.0,rep,Democrat,Lipinski,"Lipinski, Dan",D,1,1,0,225320.0,91.0,D,write in,0.999192585987,-4.13604,2.57038,-4.71299,-3.76899666667,-4.5922,,-2.683471,-5.28478556667,-5.8682
149,L000554,replobiondo,NJ,2.0,rep,Republican,LoBiondo,"LoBiondo, Frank",R,1,1,1,176338.0,110838.0,R,D,0.228083126724,1.545343,3.371634,0.295932602,1.191340335,2.12919,0.730976667667,1.340192,0.4500015,1.2899794
150,L000565,daveloebsack,IA,2.0,rep,Democrat,Loebsack,"Loebsack, David",D,1,1,1,198571.0,170933.0,D,R,0.0747975664675,1.37997,1.14178,-1.222368,-4.72948666667,,,,,0.245202
151,L000397,repzoelofgren,CA,19.0,rep,Democrat,Lofgren,"Lofgren, Zoe",D,1,1,1,181802.0,64061.0,D,R,0.47888864937,-47.4659,,-48.6747,-37.6736,,,,,
152,L000576,usreplong,MO,7.0,rep,Republican,Long,"Long, Billy",R,1,1,1,228692.0,92756.0,R,D,0.422886438864,18.2162375,21.992478,14.21881,24.450705,9.2356954,6.76567,1.77883888,21.62738275,27.179025
153,L000480,nitalowey,NY,17.0,rep,Democrat,Lowey,"Lowey, Nita",D,1,1,0,214530.0,0.0,D,NONE,1.0,-1.29884033333,-215.463,-39.0497,-6.69917,,-11.493604,-1.08432,-3.0432395,-18.5108675
154,L000491,repfranklucas,OK,3.0,rep,Republican,Lucas,"Lucas, Frank",R,1,1,1,227525.0,63090.0,R,D,0.565817318445,,,,,,,,,
155,L000569,repblainepress,MO,3.0,rep,Republican,Luetkemeyer,"Luetkemeyer, Blaine",R,1,1,1,249865.0,102891.0,R,D,0.416644933042,6.0062275,16.231292,9.28160666667,18.5298766667,4.87174,11.7561,1.172445,5.29675,7.97029443615
156,L000570,repbenraylujan,NM,3.0,rep,Democrat,Luján,"Lujan, Ben",D,1,1,1,170612.0,102730.0,D,R,0.248340906264,,-22.1736073333,-62.4826,,-0.966387,,,,
157,L000571,cynthialummis,WY,0.0,rep,Republican,Lummis,"Cheney, Liz",R,1,1,1,156176.0,75466.0,R,D,0.34842558776,0.94139,,-0.000331614,,1.69921,6.58254,2.96809,,6.29808
158,L000562,repstephenlynch,MA,8.0,rep,Democrat,Lynch,"Lynch, Stephen",D,1,1,1,271019.0,102744.0,D,R,0.45021845394,-2.81029233333,-5.182946,-4.09254720467,-1.9086026,-0.028194,-3.7573,-4.194588,-3.9324975,-1.37826
159,M000087,repmaloney,NY,12.0,rep,Democrat,Maloney,"Maloney, Carolyn",D,1,1,1,244358.0,49398.0,D,R,0.663680061003,-49.4737466667,-17.877552,-7.64772042,-27.5835516667,-9.19747,-21.9196,-35.707015,-33.3554275,-47.41255
160,M001158,repkenmarchant,TX,24.0,rep,Republican,Marchant,"Marchant, Kenny",R,1,1,1,154845.0,108389.0,R,D,0.176481761475,-0.927027,7.04972,,,,,,,
161,M001179,reptommarino,PA,10.0,rep,Republican,Marino,"Marino, Tom",R,1,1,1,211282.0,89823.0,R,D,0.403377559323,2.5538586,13.6308725,3.43167875,3.763189,6.33333,5.976935,0.9691425,17.1976868688,4.38653333333
162,M001163,dorismatsui,CA,6.0,rep,Democrat,Matsui,"Matsui, Doris",D,1,1,1,177565.0,57848.0,D,R,0.508540310008,-35.5337528333,-72.72165,-27.6296633333,-11.898396,-28.6667,-71.5648666667,-11.2711196667,-16.122514,-58.7177
163,M001165,gopleader,CA,23.0,rep,Republican,McCarthy,"McCarthy, Kevin",R,1,1,1,167116.0,74468.0,R,D,0.38350221869,8.27564775,5.89907175,4.92382,18.64552,,1.584154,9.124135,8.64044,
164,M001157,repmccaul,TX,10.0,rep,Republican,McCaul,"McCaul, Michael",R,1,1,1,179221.0,120170.0,R,D,0.197237057894,8.9792262,14.15039,4.78602533333,3.550267,2.996056,7.597065,2.47190266667,3.78578425,8.0110562
165,M001177,repmcclintock,CA,4.0,rep,Republican,McClintock,"McClintock, Tom",R,1,1,1,220133.0,130845.0,R,D,0.254397711537,0.967105,,,,,,,,
166,M001143,bettymccollum04,MN,4.0,rep,Democrat,McCollum,"McCollum, Betty",D,1,1,1,203299.0,121032.0,D,R,0.253651362343,-56.669016,-119.88476,-67.1729,-59.540265,-27.9957983333,-33.955595,-4.8796734,-33.0806325,-56.5287
167,M000404,repjimmcdermott,WA,7.0,rep,Democrat,McDermott,"Jayapal, Pramila",D,1,1,1,212010.0,166744.0,D,D,0.119512929236,2.65374,3.6031155,-68.6345,-1.3454685,0.651087,-0.00205981,,-1.96075,
168,M000312,repmcgovern,MA,2.0,rep,Democrat,McGovern,"McGovern, Jim",D,1,1,1,275487.0,4924.0,D,write in,0.964880122392,-50.8411024286,-63.4898142857,-50.4269742857,-39.45292,-37.96792,-35.509945,-2.2286888,-21.323734,-19.0612
169,M001156,patrickmchenry,NC,10.0,rep,Republican,McHenry,"McHenry, Patrick",R,1,1,1,220825.0,128919.0,R,D,0.262780776797,7.0897715,16.883852,6.7425875,6.26919,2.5923929164,2.1303292,2.34524,8.8219905,5.508674
170,M001180,repmckinley,WV,1.0,rep,Republican,McKinley,"McKinley, David",R,1,1,1,163469.0,73534.0,R,D,0.37946777045,7.30680142857,12.0828333333,6.56714666667,7.95375944,4.85593688333,7.62006,3.8388855,22.16854,23.35788
171,M001159,cathymcmorris,WA,5.0,rep,Republican,McMorris Rodgers,"McMorris Rodgers, Cathy",R,1,1,1,192959.0,130575.0,R,D,0.192820538181,7.926215,3.1412825,8.87357,13.830632,1.0,7.8238125,3.7478775,11.442992,10.5544004286
172,M001166,repmcnerney,CA,9.0,rep,Democrat,McNerney,"McNerney, Jerry",D,1,1,1,133163.0,98992.0,D,R,0.147190454653,-1.74588183333,-40.0329836,-5.021515,-1.5193996,-1.75747233333,-1.0855525,-2.10752,-4.49240666667,-4.5281584
173,M001181,repmeehan,PA,7.0,rep,Republican,Meehan,"Meehan, Pat",R,1,1,1,225678.0,153824.0,R,D,0.189337605599,2.089795,1.355606,,1.68547666667,4.13912,4.46835433333,1.17822,13.0385,
174,M001137,gregorymeeks,NY,5.0,rep,Democrat,Meeks,"Meeks, Gregory",D,1,1,1,199815.0,30312.0,D,R,0.736562854424,-36.36743475,-27.610848,-7.18675666667,-11.865638,-0.64122,-8.3582175,-29.2454695,-39.4615,-13.87704
176,M001150,candicemiller,MI,10.0,rep,Republican,Miller,"Mitchell, Paul",R,0,0,0,215132.0,110112.0,R,D,0.322896041126,1.678195,,0.0296569,-0.969076,,1.08696,,,
178,M001160,repgwenmoore,WI,4.0,rep,Democrat,Moore,"Moore, Gwen",D,1,1,1,220181.0,33494.0,D,I,0.735929831477,-15.4942825,-51.763106,-12.663022,-13.260966,-1.156932,-1.90537,-1.842651,-22.64295,1.2850675
179,M001182,repmickmulvaney,SC,5.0,rep,Republican,Mulvaney,"Mulvaney, Mick",R,1,1,1,161669.0,105772.0,R,D,0.20900684637,4.83552,,,,,,,,
180,M001151,reptimmurphy,PA,18.0,rep,Republican,Murphy,"Murphy, Tim",R,1,1,1,293684.0,0.0,R,NONE,1.0,5.071618,7.85658833333,8.56347,7.747134,2.1385094,5.608805,4.2903575,4.03942866667,6.0584285
181,N000002,repjerrynadler,NY,10.0,rep,Democrat,Nadler,"Nadler, Jerrold",D,1,1,1,192371.0,53857.0,D,R,0.562543658723,-15.8630785,,-14.84869,-5.2459,,,-1.01075,-3.1569985,
182,N000179,gracenapolitano,CA,32.0,rep,Democrat,Napolitano,"Napolitano, Grace",D,1,1,1,114926.0,71720.0,D,D,0.231486343131,-24.307293,-77.6745,-13.165965,-51.48,-27.0,-43.9901,-35.2584725,-3.52174,-47.3974
183,N000015,reprichardneal,MA,1.0,rep,Democrat,Neal,"Neal, Richard",D,1,1,1,235803.0,57504.0,D,I,0.607892072129,,,,-1.07639,-3.3084,-0.00446758,,-2.29751082,-1.75652
184,N000182,randyneugebauer,TX,19.0,rep,Republican,Neugebauer,"Arrington, Jodey",R,1,1,1,176314.0,17376.0,R,L,0.820579276163,,6.69974666667,,,,8.69566,1.05825,,
185,N000184,repkristinoem,SD,0.0,rep,Republican,Noem,"Noem, Kristi",R,1,1,1,237163.0,132810.0,R,D,0.282055717579,3.14480125,2.66855066667,1.684848,1.27877,2.08301666667,2.379204,2.7482,10.3323126667,3.385985
186,N000185,reprichnugent,FL,11.0,rep,Republican,Nugent,"Webster, Dan",R,1,1,1,258016.0,124713.0,R,D,0.348296052821,,,,,,,,,
187,N000181,rep_devinnunes,CA,22.0,rep,Republican,Nunes,"Nunes, Devin",R,1,1,1,158755.0,76211.0,R,D,0.351301890486,,,,0.801587,,,,,
188,O000168,reppeteolson,TX,22.0,rep,Republican,Olson,"Olson, Pete",R,1,1,1,181864.0,123679.0,R,D,0.190431461366,4.542934,13.18787,8.22921142857,11.2352142857,8.66976833333,9.422234,2.1876355,13.3857048571,17.8188985714
189,P000601,congpalazzo,MS,4.0,rep,Republican,Palazzo,"Palazzo, Steven",R,1,1,1,181323.0,77505.0,R,D,0.40110807177,2.77932,,-1.05234,16.8333,,0.909836,0.989362,1.10709266667,
190,P000034,frankpallone,NJ,6.0,rep,Democrat,Pallone,"Pallone, Frank",D,1,1,1,167895.0,91908.0,D,R,0.292479301625,-8.5885123585,-151.12476,-25.066625,-23.365505,-9.5406704,-19.15152,-15.81807692,-3.29182333333,-6.9978205
191,P000096,billpascrell,NJ,9.0,rep,Democrat,Pascrell,"Pascrell, Bill",D,1,1,1,162642.0,65376.0,D,R,0.426571586454,-2.87143,-2.62381,-2.353348,-2.33789666667,,-1.02655,,-1.33333,-17.9542
192,P000594,reperikpaulsen,MN,3.0,rep,Republican,Paulsen,"Paulsen, Erik",R,1,1,1,223077.0,169243.0,R,D,0.137219616639,1.1161595,0.730498933333,1.87236733333,0.9329385,1.12083333333,-0.180410666667,3.778814,6.89425,0.2088765
193,P000588,repstevepearce,NM,2.0,rep,Republican,Pearce,"Pearce, Steve",R,1,1,1,143514.0,85232.0,R,D,0.254789154783,3.97044166667,14.041798,6.9936470965,7.78283666667,2.42904,6.83267,0.989305,1.27493933333,2.31914
194,P000197,nancypelosi,CA,12.0,rep,Democrat,Pelosi,"Pelosi, Nancy",D,1,1,1,274035.0,64810.0,D,I,0.617465212708,-46.9754528333,-91.8447825,-30.7531971429,-59.847376,-19.4953531429,-52.534182,-29.355015,-47.384625,-45.23014
195,P000593,repperlmutter,CO,7.0,rep,Democrat,Perlmutter,"Perlmutter, Ed",D,1,1,1,199758.0,144066.0,D,R,0.161978221416,-5.230053,-87.3970175,-9.46421133333,-5.37781,-7.7944174,-28.72085,-37.3208533333,-11.355777324,-40.92131
196,P000597,chelliepingree,ME,1.0,rep,Democrat,Pingree,"Pingree, Chellie",D,1,1,1,227546.0,164569.0,D,R,0.160608494957,-0.478423959,-1.14123926675,0.00100234,-3.23189452333,-0.6458539,-42.3153413333,-0.9010485,-0.55299331,-0.143404
197,P000373,repjoepitts,PA,16.0,rep,Republican,Pitts,"Smucker, Lloyd",R,1,1,1,168669.0,134586.0,R,D,0.112390562398,1.7047,7.278476,6.46339,21.2858,2.87303666667,11.71112,6.67931,16.3370633333,
198,P000592,judgetedpoe,TX,2.0,rep,Republican,Poe,"Poe, Ted",R,1,1,1,168692.0,100231.0,R,D,0.254574729569,3.56371333333,5.55474,0.974244,6.868245,,1.08696,,0.869231,
199,P000598,jaredpolis,CO,2.0,rep,Democrat,Polis,"Polis, Jared",D,1,1,1,260175.0,170001.0,D,R,0.209621178308,-2.16768,-1.12963,-0.905202,-9.08011,-0.654545,-5.57208666667,-3.35993,-2.343828,-2.48847366667
200,P000602,repmikepompeo,KS,4.0,rep,Republican,Pompeo,"Pompeo, Mike",R,1,1,1,166998.0,81495.0,R,D,0.34408615132,2.8284135,4.825435,6.2626,1.7807105,4.900255,6.71659,0.863636,1.393826,1.92066266667
201,P000599,congbillposey,FL,8.0,rep,Republican,Posey,"Posey, Bill",R,1,1,1,246483.0,127127.0,R,D,0.319466823693,0.967105,,,,,,,,
202,P000523,repdavideprice,NC,4.0,rep,Democrat,Price,"Price, David",D,1,1,1,279380.0,130161.0,D,R,0.364356682237,-75.52395,-122.7215,-33.9252385,-34.27175,-21.21338,0.55113,-0.0095584,-5.86957,-28.1043
203,P000591,reptomprice,GA,6.0,rep,Republican,Price,"Price, Tom",R,1,1,1,201088.0,124917.0,R,D,0.233649790647,4.08967758,14.81317,3.254568,9.7586,5.5599572,7.7495325,9.66511066,24.722238,15.817444
204,Q000023,repmikequigley,IL,5.0,rep,Democrat,Quigley,"Quigley, Mike",D,1,1,1,212842.0,86222.0,D,R,0.423387636091,-41.7622485714,-51.0195285714,-31.7939857143,-9.35721285714,-6.86390333333,-17.9831614286,-15.1818,-6.64267285714,-14.1625414286
205,R000053,cbrangel,NY,13.0,rep,Democrat,Rangel,"Espaillat, Adriano",D,1,1,1,207194.0,16089.0,D,R,0.855886923769,-39.4343566667,-61.711175,-41.164824,-37.333904,-19.49034525,-32.6426424,-8.514975,-4.53695,-18.4588
206,R000585,reptomreed,NY,23.0,rep,Republican,Reed,"Reed, Tom",R,1,1,1,161050.0,118584.0,R,D,0.151862792078,-0.0255774,,,,,,1.16667,,
207,R000578,davereichert,WA,8.0,rep,Republican,Reichert,"Reichert, David",R,1,1,1,193145.0,127720.0,R,D,0.203901952535,1.74934,9.6320338,4.17533,2.66052333333,4.60156333333,1.99900333333,3.28139333333,1.743487,8.20925
208,R000586,repjimrenacci,OH,16.0,rep,Republican,Renacci,"Renacci, Jim",R,1,1,1,225794.0,119830.0,R,D,0.306587505497,2.9692835,5.26548,,3.16935666667,1.60801,1.06938,1.982305,1.006105,
209,R000587,repribble,WI,8.0,rep,Republican,Ribble,"Gallagher, Mike",R,1,1,1,227892.0,135682.0,R,D,0.253620996001,3.31492,0.6508228165,4.174186,1.32837,2.298584,,5.53014,0.4283932,1.0
210,R000588,reprichmond,LA,2.0,rep,Democrat,Richmond,"Richmond, Cedric",D,1,1,1,198289.0,57125.0,D,D,0.552687010109,-0.344025,-2.25926,-5.663235,0.129049,-26.0,-3.19672,,,
211,R000589,repscottrigell,VA,2.0,rep,Republican,Rigell,"Taylor, Scott",R,1,1,1,190475.0,119440.0,R,D,0.229208008648,0.01143,3.8645325,1.367449,0.55051465,,1.916123,-5.71951e-05,,2.4242265
212,R000591,repmartharoby,AL,2.0,rep,Republican,Roby,"Roby, Martha",R,1,1,1,134886.0,112089.0,R,D,0.0923048891588,0.7345055,23.5337,,1.518086,5.58405,,,,
213,R000582,drphilroe,TN,1.0,rep,Republican,Roe,"Roe, Phil",R,1,1,1,198293.0,39024.0,R,D,0.671123434057,11.307915,0.867052,5.31187333333,,5.660655,13.22,1.89796,24.69975,
214,R000395,rephalrogers,KY,5.0,rep,Republican,Rogers,"Rogers, Hal",R,1,1,0,221242.0,0.0,R,NONE,1.0,,1.2798015,4.853386,,4.06724,,,26.4561,
215,R000575,repmikerogersal,AL,3.0,rep,Republican,Rogers,"Rogers, Mike",R,1,1,1,192164.0,94549.0,R,D,0.340462413633,3.78845666667,1.0640355,1.7755485,2.7284025,1.1577,2.06181,2.73983,3.00028666667,4.42815
217,R000592,toddrokita,IN,4.0,rep,Republican,Rokita,"Rokita, Todd",R,1,1,1,193412.0,91256.0,R,D,0.358860145854,3.874347,6.49085,2.56401033333,17.9830666667,3.17561,0.6502685,,1.26667975,5.30639175
218,R000583,tomrooney,FL,17.0,rep,Republican,Rooney,"Rooney, Tom",R,1,1,1,209348.0,115974.0,R,D,0.287020244558,,0.916522,,,,,,,
219,R000435,roslehtinen,FL,27.0,rep,Republican,Ros-Lehtinen,"Ros-Lehtinen, Ileana",R,1,1,1,157917.0,129760.0,R,D,0.0978771330346,4.08279428571,0.611435285714,8.65844666667,9.70609714286,7.50430571429,10.4315967143,4.49527,8.90167142857,8.91204285714
220,R000580,peterroskam,IL,6.0,rep,Republican,Roskam,"Roskam, Peter",R,1,1,1,208555.0,143591.0,R,D,0.184480300784,12.403735,1.73443666667,4.0571025,14.91531986,4.13256333333,1.260029065,1.8308666,1.3312178,0.728107166667
221,R000593,repdennisross,FL,15.0,rep,Republican,Ross,"Ross, Dennis",R,1,1,1,182999.0,135475.0,R,D,0.149224112486,0.0565508,5.0990655,3.40307,25.5552197,1.68301,3.29127,,8.90055066667,5.79787
222,R000486,reproybalallard,CA,40.0,rep,Democrat,Roybal-Allard,"Roybal-Allard, Lucille",D,1,1,1,106554.0,24743.0,D,I,0.623098776057,-0.808275333333,-38.978015,-3.08208,-21.7366242,-11.3578325,-15.498874,-3.97678666667,-3.25362,-31.951575
223,R000487,repedroyce,CA,39.0,rep,Republican,Royce,"Royce, Ed",R,1,1,1,150777.0,112679.0,R,D,0.144608587392,8.09355475,5.2880382,19.53734,4.280352,1.14528983333,3.5194276,1.938726,1.6958214,2.0280916
224,R000576,call_me_dutch,MD,2.0,rep,Democrat,Ruppersberger,"Ruppersberger, Dutch",D,1,1,1,192183.0,102577.0,D,R,0.303996471706,-1.31258278,-4.76534333333,-3.12901333333,-1.57327019,-2.967365,-2.715476,-20.4666643333,-1.57663,-6.73282
225,R000515,repbobbyrush,IL,1.0,rep,Democrat,Rush,"Rush, Bobby",D,1,1,1,234037.0,81817.0,D,R,0.481931525325,,-270.786,-30.6797,-1.161955,,,,-8.6529,-1.89872
226,R000570,speakerryan,WI,1.0,rep,Republican,Ryan,"Ryan, Paul",R,1,1,1,230072.0,107003.0,R,D,0.365108655344,10.3663404286,37.1344942857,20.4041842857,24.2639857143,18.33724,20.073905,23.9516,34.36625,31.17348
227,R000577,reptimryan,OH,13.0,rep,Democrat,Ryan,"Ryan, Tim",D,1,1,1,208610.0,99377.0,D,R,0.354667567138,-0.957143,-97.59848,-26.6666,-4.76955666667,-2.56258,-3.83607,-11.3395,-1.14922175667,
228,S000030,lorettasanchez,CA,46.0,rep,Democrat,Sanchez,"Correa, Lou",D,0,0,0,115248.0,49345.0,D,D,0.400399773988,-1.37524925,-4.5072466,-26.495005,-36.64735,-5.41892133333,-72.6684,-3.62521,,
229,S001168,repsarbanes,MD,3.0,rep,Democrat,Sarbanes,"Sarbanes, John",D,1,1,1,214640.0,115048.0,D,R,0.30207954187,-0.957143,,,,-1.53487,,,-56.0,-1.384466
230,S001176,stevescalise,LA,1.0,rep,Republican,Scalise,"Scalise, Steve",R,1,1,1,243645.0,41840.0,R,D,0.706884775032,12.777685,17.9932533333,11.20751,11.44858,12.882075,13.84255,10.1870333333,22.8333866667,20.3977014286
231,S001145,janschakowsky,IL,9.0,rep,Democrat,Schakowsky,"Schakowsky, Jan",D,1,1,1,217306.0,109550.0,D,R,0.32967422963,-55.079386,-100.087024,-75.542575,-48.637775,-15.736113,-9.686710935,-18.4518405,-34.213818,-51.531684
232,S001150,repadamschiff,CA,28.0,rep,Democrat,Schiff,"Schiff, Adam",D,1,1,1,210883.0,59526.0,D,R,0.559733588749,-0.5405235,-2.920504,,2.615491,-7.26101133333,-11.7333,,-0.837469185,-3.512809
233,S001180,repschrader,OR,5.0,rep,Democrat,Schrader,"Schrader, Kurt",D,1,1,1,199505.0,160443.0,D,R,0.108521230844,-1.33969017067,,-1.94427,-1.89831,-5.92308,-11.087475,,,
234,S001183,repdavid,AZ,6.0,rep,Republican,Schweikert,"Schweikert, David",R,1,1,1,201578.0,122866.0,R,D,0.242605811789,,,,,,,,,
235,S001189,austinscottga08,GA,8.0,rep,Republican,Scott,"Scott, Austin",R,1,1,1,173983.0,83225.0,R,D,0.352858386986,,4.932035,,1.06429,3.6757,6.0426,1.56161,,
236,S001157,repdavidscott,GA,13.0,rep,Democrat,Scott,"Scott, David",D,1,1,1,252833.0,0.0,D,NONE,1.0,,-3.14916,-2.53923666667,-13.413685,0.31313,,,,
237,S000185,repbobbyscott,VA,3.0,rep,Democrat,Scott,"Scott, Bobby",D,1,1,1,208337.0,103289.0,D,R,0.337096391187,,,,,,-1.06667,,,
238,S000244,jimpressoffice,WI,5.0,rep,Republican,Sensenbrenner,"Sensenbrenner, Jim",R,1,1,1,260706.0,114477.0,R,D,0.389753800146,,2.76,,0.929032,2.0,,,16.7317,0.969388
239,S000248,repjoseserrano,NY,15.0,rep,Democrat,Serrano,"Serrano, Jose",D,1,1,1,165688.0,6129.0,D,R,0.928656652136,-1.76492,-31.3671836,-3.012005,-14.28934,-1.3534475,-71.8512,-2.6471125,-7.553275,-17.9542
240,S000250,petesessions,TX,32.0,rep,Republican,Sessions,"Sessions, Pete",R,1,1,1,162868.0,43490.0,R,L,0.578499500867,2.58610333333,0.43178687,0.964412,5.27224333333,1.35613333333,1.378585,2.76936066667,18.57845,4.69034666667
241,S001185,repterrisewell,AL,7.0,rep,Democrat,Sewell,"Sewell, Terri",D,1,1,0,229330.0,3698.0,D,write in,0.968261324819,-28.4196506,-5.467975,-9.397006,-25.65206,-33.79485,-4.59652,-2.16802,-32.6788425,-21.8838
242,S000344,bradsherman,CA,30.0,rep,Democrat,Sherman,"Sherman, Brad",D,1,1,1,205279.0,77325.0,D,R,0.452767830604,,-1.94118,,-5.38195,,,,,-0.748092
243,S000364,repshimkus,IL,15.0,rep,Republican,Shimkus,"Shimkus, John",R,1,1,0,274554.0,0.0,R,NONE,1.0,13.4322766667,9.95374,6.301625,14.3175995,13.4483666667,1.81967,11.5387033333,15.494175,23.2466
244,S001154,repbillshuster,PA,9.0,rep,Republican,Shuster,"Schuster, Bill",R,1,1,1,186580.0,107985.0,R,D,0.266817171083,0.65347075,1.45512,1.37580033333,7.83061,1.03478,2.69239666667,1.17822,1.7037,2.00397
245,S001148,congmikesimpson,ID,2.0,rep,Republican,Simpson,"Simpson, Mike",R,1,1,1,205292.0,95940.0,R,D,0.363015881447,1.69479,0.757014,1.076198,1.06429,2.42718,,0.989362,0.8329895,
246,S001165,repsires,NJ,8.0,rep,Democrat,Sires,"Sires, Albio",D,1,1,1,134733.0,32337.0,D,R,0.612892799425,,-41.4091,,,,-3.07965,-0.857143,,
247,S000480,louiseslaughter,NY,25.0,rep,Democrat,Slaughter,"Slaughter, Louise",D,1,1,1,182950.0,142650.0,D,R,0.123771498771,-21.4431,-148.318,,-0.0115266,-11.18033,-0.911504,,-1.2551,-1.8226
248,S000510,repadamsmith,WA,9.0,rep,Democrat,Smith,"Smith, Adam",D,1,1,1,205165.0,76317.0,D,R,0.457748630463,0.291243,-7.1332,-5.71964,-3.5434166,,-4.3964,-0.857143,-21.40282,-62.0916
249,S001172,repadriansmith,NE,3.0,rep,Republican,Smith,"Smith, Adrian",R,1,1,1,226720.0,0.0,R,NONE,1.0,11.087512,2.133537,2.23237766667,5.782665,1.33105,4.714185,1.05825,33.191495,7.98586333333
250,S000522,repchrissmith,NJ,4.0,rep,Republican,Smith,"Smith, Chris",R,1,1,1,211992.0,111532.0,R,D,0.310517921391,1.688006694,0.7948375,1.72170325,27.53535,1.06055766667,6.189615,0.880795056,2.87644,2.40207333333
251,S000583,lamarsmithtx21,TX,21.0,rep,Republican,Smith,"Smith, Lamar",R,1,1,1,202967.0,129765.0,R,D,0.220002885205,3.5787308,13.5842841667,6.255488,5.975221,2.639942,5.96438,1.05825,7.83113666667,0.989691
252,S001175,repspeier,CA,14.0,rep,Democrat,Speier,"Speier, Jackie",D,1,1,1,231630.0,54817.0,D,R,0.617262530241,-11.9578956667,-55.89367994,-6.948846,-2.58111716667,-15.6915,-2.60023666667,-14.0212585,-3.180455,-37.9938525
253,S001187,repstevestivers,OH,15.0,rep,Republican,Stivers,"Stivers, Steve",R,1,1,1,222847.0,113960.0,R,D,0.323291974335,-1.0496182,5.49871733333,0.4699170365,1.70314,2.06957,3.01236485,2.30104666667,1.35084033333,5.3543902
254,S001188,repstutzman,IN,3.0,rep,Republican,Stutzman,"Banks, Jim",R,0,0,0,201396.0,66023.0,R,D,0.506220575202,,,,,,,,,
255,S001156,replindasanchez,CA,38.0,rep,Democrat,Sánchez,"Sanchez, Linda",D,1,1,1,163590.0,68524.0,D,R,0.409565989126,-7.03938,-0.970588,-48.6747,-5.19844,,,-48.9317,0.408407,-63.40666
256,T000193,benniegthompson,MS,2.0,rep,Democrat,Thompson,"Thompson, Bennie",D,1,1,1,192343.0,83542.0,D,R,0.394370842924,,-1.21138,,,,-1.82301,,,
257,T000460,repthompson,CA,5.0,rep,Democrat,Thompson,"Thompson, Mike",D,1,1,1,224526.0,67565.0,D,R,0.537370203122,-20.6811633333,-109.3894325,-28.8601735,-16.4584646,-13.6019371429,-21.5185466667,-13.304543,-1.90985666667,-19.175316
258,T000467,congressmangt,PA,5.0,rep,Republican,Thompson,"Thompson, Glenn",R,1,1,1,206761.0,101082.0,R,D,0.343288624396,5.996984,12.96684,8.6092975,6.305415,5.5575,5.30556,6.935355,3.846574,5.32835
259,T000238,mactxpress,TX,13.0,rep,Republican,Thornberry,"Thornberry, Mac",R,1,1,1,199050.0,14725.0,R,L,0.862238334698,1.37997,1.0303,,,,,,,0.969388
260,T000462,tiberipress,OH,12.0,rep,Republican,Tiberi,"Tiberi, Patrick",R,1,1,1,251266.0,112638.0,R,D,0.380946623285,,,,,,,,,
261,T000470,reptipton,CO,3.0,rep,Republican,Tipton,"Tipton, Scott",R,1,1,1,204220.0,150914.0,R,D,0.150101088603,7.5315566,8.769758,6.689888,4.9291055,7.640075,11.4156641745,1.981172,15.2701,2.31915
262,T000469,reppaultonko,NY,20.0,rep,Democrat,Tonko,"Tonko, Paul",D,1,1,1,213021.0,100738.0,D,R,0.357863838169,-53.13188175,-111.50547,-42.5297083333,-5.4809494,-11.8295025,-3.870665,-4.28572,-2.66666,-5.24845
263,T000465,nikiinthehouse,MA,3.0,rep,Democrat,Tsongas,"Tsongas, Niki",D,1,1,1,236713.0,107519.0,D,R,0.375310836877,-24.9465433333,-46.6363594286,-10.197218,-23.8088,-10.6228961667,-21.8090693333,-13.60940675,-1.822025,-18.7013216667
264,T000463,repmiketurner,OH,10.0,rep,Republican,Turner,"Turner, Michael",R,1,1,1,215724.0,109981.0,R,D,0.324658817028,0.821609333333,3.71586533333,3.7844865,1.528806,3.0684,3.75371333333,1.532315,3.75,
265,U000031,repfredupton,MI,6.0,rep,Republican,Upton,"Upton, Fred",R,1,1,1,193259.0,119980.0,R,D,0.233939579682,6.2853075,17.383616825,5.566586,9.74772833333,4.24886333333,1.8432245,2.8308575,1.316904,10.9683886
266,V000128,chrisvanhollen,MD,8.0,rep,Democrat,Van Hollen,"Raskin, Jamie",D,0,0,0,220657.0,124651.0,D,R,0.278030048536,-54.966055,-99.947165,-10.4795,,-13.2791,-3.83607,-0.720238,,
267,V000081,nydiavelazquez,NY,7.0,rep,Democrat,Velázquez,"Velazquez, Nydia",D,1,1,1,172146.0,17478.0,D,R,0.815656246045,-29.987208,-68.81642,-2.09589,-21.6107,-4.9892252,-0.832947,-18.386477,-3.07967333333,
268,V000108,repvisclosky,IN,1.0,rep,Democrat,Visclosky,"Visclosky, Pete",D,1,1,1,207515.0,47051.0,D,L,0.630343407996,,,-1.561243,,-2.2056,-0.911504,,-1.15044,-1.49618
269,W000798,repwalberg,MI,7.0,rep,Republican,Walberg,"Walberg, Tim",R,1,1,1,184321.0,134010.0,R,D,0.158046184632,-2.9660825,3.7697406,1.5688235,5.105665,1.023214,0.998398,2.05977433333,1.3263005,7.73990833333
270,W000791,repgregwalden,OR,2.0,rep,Republican,Walden,"Walden, Greg",R,1,1,1,272952.0,106640.0,R,D,0.438133574996,-11.1850635,,0.890323,1.06429,10.1681,11.8957,9.52427,21.5939,21.3808
271,W000799,reptimwalz,MN,1.0,rep,Democrat,Walz,"Walz, Tim",D,1,1,1,169074.0,166526.0,D,R,0.00759237187128,0.9868,0.863670435,-10.2359033333,-3.698382,-2.95041,-14.6400775,,,-11.4248055638
272,W000797,repdwstweets,FL,23.0,rep,Democrat,Wasserman Schultz,"Wasserman Schultz, Debbie",D,1,1,1,183225.0,130818.0,D,R,0.166878421108,-31.90546225,-45.3221025,-28.973766,3.81055755,0.010264,-20.8104475,-19.95029175,-54.8077,-18.3282768471
273,W000187,maxinewaters,CA,43.0,rep,Democrat,Waters,"Waters, Maxine",D,1,1,1,167017.0,52499.0,D,R,0.521684068587,,,,,,-0.935752,-2.10752,,
274,W000806,repwebster,FL,10.0,rep,Republican,Webster,"Demings, Val",R,0,0,0,198491.0,107498.0,D,R,0.297373434993,,,,,2.80599,0.974138,0.989362,0.977778,1.33673
275,W000800,peterwelch,VT,0.0,rep,Democrat,Welch,"Welch, Peter",D,1,1,1,264414.0,29410.0,D,LU,0.799812132433,-2.528465,-3.2126,-2.448616,-6.91603666667,-3.3084,-2.60265,-3.11828,-2.40554,-2.97136333333
276,W000796,repwestmoreland,GA,3.0,rep,Republican,Westmoreland,"Ferguson, Drew",R,1,1,1,207218.0,95969.0,R,D,0.366931959484,1.4520978,9.113618,,0.929032,1.03478,1.552008,1.05825,,
277,W000795,repjoewilson,SC,2.0,rep,Republican,Wilson,"Wilson, Joe",R,1,1,1,183746.0,109452.0,R,D,0.253391905811,3.46545266667,20.52605,2.608905,0.9329385,2.4370212,0.974138,1.45948633333,2.381481,1.13861
278,W000808,repwilson,FL,24.0,rep,Democrat,Wilson,"Wilson, Frederica",D,1,1,0,,,D,,,-58.5145325,-77.1195525,-64.2004066667,-29.1032115714,-10.0375325,-10.0213633333,-12.0911514286,-22.7359414286,-43.026312
279,W000804,robwittman,VA,1.0,rep,Republican,Wittman,"Wittman, Rob",R,1,1,1,230213.0,140785.0,R,D,0.241047121548,4.34095,,2.064162255,,,,,3.75,
280,W000809,rep_stevewomack,AR,3.0,rep,Republican,Womack,"Womack, Steve",R,1,1,1,217192.0,63715.0,R,L,0.546362319202,1.7680526,3.08881166667,0.475326333333,2.98553571429,4.4001,6.45458857143,2.58298666667,1.492856,3.25537
281,W000810,reprobwoodall,GA,7.0,rep,Republican,Woodall,"Woodall, Rob",R,1,1,1,174081.0,114220.0,R,D,0.207633688402,3.0266445,10.907005,7.463395,21.0109,1.9789915,1.71415,2.851121,14.3859506667,4.55445
282,Y000062,repjohnyarmuth,KY,3.0,rep,Democrat,Yarmuth,"Yarmuth, John",D,1,1,1,212401.0,122093.0,D,R,0.269983916004,-60.2224454,-64.7119733333,-60.938525,-29.0894403333,-27.114925,-69.9808,-57.6422,-43.0385,-50.4610666667
283,Y000063,repkevinyoder,KS,3.0,rep,Republican,Yoder,"Yoder, Kevin",R,1,1,1,176022.0,139300.0,R,D,0.116458731075,0.7463941132,8.088735,0.952924795333,4.5616075,1.3538075,2.0793513396,1.458124,1.861864,1.575736
284,Y000033,repdonyoung,AK,0.0,rep,Republican,Young,"Young, Don",R,1,1,1,155088.0,111019.0,R,D,0.165606316256,-3.50596,,,,,,,,
285,Y000064,reptoddyoung,IN,9.0,rep,Republican,Young,"Hollingsworth, Trey",R,1,1,1,174791.0,130627.0,R,D,0.144601824385,1.33452666667,5.62421275,3.0671,2.01617,0.97078,5.80135266667,0.989362,0.912281,
286,H001063,rep_janicehahn,CA,44.0,rep,Democrat,Hahn,"Barragan, Nanette",D,1,1,1,93124.0,85289.0,D,D,0.0439149613537,-4.03617,-101.494743333,-34.026565,-57.2848,-1.69231,-1.82301,-1.9025,-2.45787,-28.1043
287,A000369,markamodeinv2,NV,2.0,rep,Republican,Amodei,"Amodei, Mark",R,1,1,1,182676.0,115722.0,R,D,0.224378179478,0.852349,3.3388575,,,0.90678,2.19418,1.17822,1.73846,1.13861
288,B001278,repbonamici,OR,1.0,rep,Democrat,Bonamici,"Bonamici, Suzanne",D,1,1,1,225391.0,139756.0,D,R,0.234521987035,-8.2845825,-62.24095,-3.6247165,-14.1411075,-2.88984,-49.1573166667,-24.3373535,-1.96088,-7.684395
289,D000617,repdelbene,WA,1.0,rep,Democrat,DelBene,"DelBene, Suzan",D,1,1,1,193619.0,155779.0,D,R,0.108300562682,-11.9833645,-12.0687316667,-6.32274366667,-2.66991583333,-3.852715,-3.963374,-7.50693716667,-2.515986,-2.1108875
290,M001184,repthomasmassie,KY,4.0,rep,Republican,Massie,"Massie, Thomas",R,1,1,1,233922.0,94065.0,R,D,0.426410193087,0.884615,0.867052,1.78065,,,,,1.5,
291,P000604,repdonaldpayne,NJ,10.0,rep,Democrat,Payne,"Payne, Donald",D,1,1,1,190856.0,26450.0,D,R,0.7565644759,-24.8573825,-93.3599666667,-69.663325,-49.6944,-13.593715,,,,-4.45744
292,S000018,repmattsalmon,AZ,5.0,rep,Republican,Salmon,"Biggs, Andy",R,0,0,0,205184.0,114940.0,R,D,0.281903262486,0.390071,2.465455,4.6782,24.574385,,,0.989362,,1.15957
293,F000454,repbillfoster,IL,11.0,rep,Democrat,Foster,"Foster, Bill",D,1,1,1,166578.0,108995.0,D,R,0.208957336169,-0.6100558868,-58.352024,-6.2036462,-3.14754,-1.9088588,-6.9861,-1.2017505,-2.308945,-5.742025
295,K000368,repkirkpatrick,AZ,1.0,rep,Democrat,Kirkpatrick,"O'Halleran, Tom",D,0,0,0,142219.0,121745.0,D,R,0.0775636071586,-1.31047833333,-5.084469,-9.4169525,-3.57215,-11.751425,-3.621416,-0.382118,-2.77265146,-0.6806467
296,T000468,repdinatitus,NV,1.0,rep,Democrat,Titus,"Titus, Dina",D,1,1,1,116537.0,54174.0,D,R,0.365313307285,-10.2843916667,-44.1315242857,-9.03525525571,-10.8625857143,-8.06151142857,-15.757245,-8.96120383333,-11.2435454208,-10.583036
297,S001191,repsinema,AZ,9.0,rep,Democrat,Sinema,"Sinema, Kyrsten",D,1,1,1,169055.0,108350.0,D,R,0.218831672104,-1.82291216667,-4.23894333333,-2.3063812,-1.84433233333,-3.078995,-2.261909445,-1.55771485714,-2.78525857143,-2.03451733333
298,L000578,replamalfa,CA,1.0,rep,Republican,LaMalfa,"LaMalfa, Doug",R,1,1,1,185448.0,128588.0,R,D,0.181062043842,,-1.12144666667,8.20525,4.31033,,11.7561,,,
299,H001068,rephuffman,CA,2.0,rep,Democrat,Huffman,"Huffman, Jared",D,1,1,1,254194.0,76572.0,D,R,0.537001989322,-39.934045,-137.699665,-17.295775,-74.54865,-11.7818,,-30.46125,-30.347825,-32.61278
300,B001287,repbera,CA,7.0,rep,Democrat,Bera,"Bera, Ami",D,1,1,1,152133.0,145168.0,D,R,0.0234274354947,-1.599225,-6.0840875,-0.923975,-0.939597,-1.96694,-13.861151,-0.677003566667,-0.00983662,-1.72477
301,C001094,reppaulcook,CA,8.0,rep,Republican,Cook,"Cook, Paul",R,1,1,1,136972.0,83035.0,R,D,0.245160381261,,5.57515,,,,,,,
302,S001193,repswalwell,CA,15.0,rep,Democrat,Swalwell,"Swalwell, Eric",D,1,1,1,198578.0,70619.0,D,R,0.475335906418,-52.8407331667,-49.66201,-25.724192,-12.96524,-6.41259471429,-17.39224,-4.69250785714,-4.94516857143,-27.6137428571
303,V000129,repdavidvaladao,CA,21.0,rep,Republican,Valadao,"Valadao, David",R,1,1,1,75126.0,57282.0,R,D,0.134765270981,2.12732,4.865515,0.890323,0.929032,-0.315945,1.08696,,1.401169,
304,B001285,juliabrownley26,CA,26.0,rep,Democrat,Brownley,"Brownley, Julia",D,1,1,1,169248.0,111059.0,D,R,0.207590249262,-37.2387496667,-3.03617635,-34.5098,-18.8531,-27.0769,6.0426,-0.388011,,-32.916
305,C001097,repcardenas,CA,29.0,rep,Democrat,Cárdenas,"Cardenas, Tony",D,1,1,1,128407.0,43417.0,D,D,0.494634044138,-9.85918285714,-37.8185783333,-7.61463142857,-12.2674221667,-1.50950847267,-19.87875,-3.16128,-2.34782,-40.00347
306,R000599,congressmanruiz,CA,36.0,rep,Democrat,Ruiz,"Ruiz, Raul",D,1,1,1,144348.0,88269.0,D,R,0.241078682985,-0.61981365,,,-2.49504,-0.966387,,,-1.17391,
307,T000472,repmarktakano,CA,41.0,rep,Democrat,Takano,"Takano, Mark",D,1,1,1,128164.0,69159.0,D,R,0.299027482858,-1.37229,3.6984961,-27.451,,,-51.52,-19.030025,-8.9282,-76.3053
308,L000579,replowenthal,CA,47.0,rep,Democrat,Lowenthal,"Lowenthal, Alan",D,1,1,1,154759.0,88109.0,D,R,0.274428907884,-7.46793333333,-57.731128,-7.21117875,-3.58217,-10.18587,-2.12565,-10.091672,-5.939632,-23.258932
309,V000130,repjuanvargas,CA,51.0,rep,Democrat,Vargas,"Vargas, Juan",D,1,1,1,145162.0,54362.0,D,R,0.455083097773,-30.4135202,-68.9665873333,-0.962028,-11.7001157,-0.94253825,-44.1357775,-22.1690385,-48.3974,-39.22781
310,P000608,repscottpeters,CA,52.0,rep,Democrat,Peters,"Peters, Scott",D,1,1,1,181253.0,139403.0,D,R,0.130513696921,-6.31422,-19.97105,-8.647878,-12.29459,-5.805896,-20.0170908,-18.4443833333,-2.58757333333,-15.49945
311,E000293,repesty,CT,5.0,rep,Democrat,Esty,"Esty, Elizabeth",D,1,1,1,179252.0,129801.0,D,R,0.160008153941,-32.1788849836,-16.31964,-39.093249,-25.93191,-5.214245,-14.197712,-31.15473,-16.4424,-0.663055633333
312,Y000065,reptedyoho,FL,3.0,rep,Republican,Yoho,"Yoho, Ted",R,1,1,1,193843.0,136338.0,R,D,0.174162050512,1.53883,3.8879005,,0.133369,1.06785,,,,
313,D000621,repdesantis,FL,6.0,rep,Republican,DeSantis,"DeSantis, Ron",R,1,1,1,213519.0,151051.0,R,D,0.171347066407,,1.28861866667,-20.007,8.36129,6.32088,3.14922,3.38306,4.25926,2.67346
314,M001191,repmurphyfl,FL,18.0,rep,Democrat,Murphy,"Mast, Brian",R,1,1,1,201488.0,161918.0,R,D,0.108886479585,-38.16512,-1.890587,-7.87526766667,-3.6473936,0.749298428571,-11.5331091933,-29.0875215,-0.00421727,-32.8898566667
315,F000462,reploisfrankel,FL,22.0,rep,Democrat,Frankel,"Deutch, Ted",D,1,1,1,199113.0,138737.0,D,R,0.178706526565,-65.9359578333,-106.45752,-23.3990333333,-13.3906235,-2.7052302,-38.41555,-36.527012,-29.163275,-48.566041
316,C001093,repdougcollins,GA,9.0,rep,Republican,Collins,"Collins, Doug",R,1,1,0,256535.0,0.0,R,NONE,1.0,,1.4430515,0.7915655,1.05357,,,,1.71884,1.806975
317,G000571,tulsipress,HI,2.0,rep,Democrat,Gabbard,"Gabbard, Tulsi",D,1,1,1,170848.0,39668.0,D,R,0.623135533641,-5.13099666667,-9.110062,-4.42375714286,-10.48271,-4.345324,-3.32835,-3.0437875,-6.610294,-5.650186
318,D000622,repduckworth,IL,8.0,rep,Democrat,Duckworth,"Krishnamoorthi, Raja",D,1,1,1,144954.0,144954.0,D,R,0.0,-2.87244328571,-30.8147153333,-9.086106,-5.631834,-0.5963422,-3.64694333333,-2.78900266667,-2.491215,-0.6368835
319,D000619,rodneydavis,IL,13.0,rep,Republican,Davis,"Davis, Rodney",R,1,1,1,187583.0,126811.0,R,D,0.193298854304,0.7000332,7.9422836,6.76859833333,7.326775,2.88131,2.08334,7.54379,3.378383,0.63718575
320,B001286,repcheri,IL,17.0,rep,Democrat,Bustos,"Bustos, Cheri",D,1,1,1,173125.0,113943.0,D,R,0.206160212911,0.94022925,-47.904342,-1.738065,-36.5972,-26.0,-11.740669,-0.73194813,-8.0352134,-0.38571014
321,W000813,repwalorski,IN,2.0,rep,Republican,Walorski,"Walorski, Jackie",R,1,1,1,164355.0,102401.0,R,D,0.232249696352,7.504365,17.2559913333,9.2534015,13.3713143,1.45211,,0.989362,31.38983335,
322,B001284,susanwbrooks,IN,5.0,rep,Republican,Brooks,"Brooks, Susan",R,1,1,1,221957.0,123849.0,R,D,0.283708206335,-1.8599354,20.762442,3.97737,2.7991425,0.90678,6.7717,4.09489,,11.75152275
323,M001189,replukemesser,IN,6.0,rep,Republican,Messer,"Messer, Luke",R,1,1,1,204920.0,79135.0,R,D,0.442819172343,1.479195,15.18028,4.40053333333,16.349015,0.50533065,0.974138,,1.290241,
324,B001282,repandybarr,KY,6.0,rep,Republican,Barr,"Barr, Andy",R,1,1,1,202099.0,128728.0,R,D,0.221780568091,17.9884,,1.14141,2.111615,,,,0.8605415,4.2549
325,K000379,repjoekennedy,MA,4.0,rep,Democrat,Kennedy,"Kennedy, Joe",D,1,1,1,265823.0,113055.0,D,R,0.403211587899,-2.05351,-41.26821,-11.224889,-3.2057314,-1.7489334,-1.208995,-2.20035,17.10238169,-1.716095
326,D000620,repjohndelaney,MD,6.0,rep,Democrat,Delaney,"Delaney, John",D,1,1,1,185770.0,133081.0,D,R,0.165246463082,-0.892394,-5.9709,-0.784314,-1.07639,-0.974477,-22.624015,-1.5929665,,
327,K000380,repdankildee,MI,5.0,rep,Democrat,Kildee,"Kildee, Dan",D,1,1,1,195279.0,112102.0,D,R,0.270599028567,-42.9841075,-9.01568,-49.7091125,-11.8283407,-2.4547175,-44.18955,,,
328,N000127,usrepricknolan,MN,8.0,rep,Democrat,Nolan,"Nolan, Rick",D,1,1,1,179098.0,177089.0,D,R,0.00564029568738,-39.178265,-1.15680826,-1.44108,5.81151,,,0.514431,,0.0109799
329,W000812,repannwagner,MO,2.0,rep,Republican,Wagner,"Wagner, Ann",R,1,1,1,241954.0,155689.0,R,D,0.216940823804,3.18494,8.80469585714,3.9297965,8.36789322333,1.248435,2.47463,1.27395488,1.707477,9.21219
330,H001067,reprichhudson,NC,8.0,rep,Republican,Hudson,"Hudson, Richard",R,1,1,1,189863.0,133182.0,R,D,0.17545852745,9.52496716667,13.10495,1.941058,5.6351555,4.6052442,8.538862,3.44184375,18.794567,2.4565022
331,P000606,reppittenger,NC,9.0,rep,Republican,Pittenger,"Pittenger, Robert",R,1,1,1,193452.0,139041.0,R,D,0.163645550433,-9.20233333333,3.4229106,2.28282,0.7937105,0.97078,,9.229925,19.5070333333,
332,M001187,repmarkmeadows,NC,11.0,rep,Republican,Meadows,"Meadows, Mark",R,1,1,1,230405.0,129103.0,R,D,0.281779543153,2.03407185714,-0.0747975,3.70657433333,6.623094,5.254774,2.10232566667,4.4187125,8.45743,18.5865666667
333,H001065,repholding,NC,13.0,rep,Republican,Holding,"Budd, Ted",R,1,1,1,199443.0,156049.0,R,D,0.122067444556,,,,,5.44068,3.75,,,
334,C001096,repkevincramer,ND,0.0,rep,Republican,Cramer,"Cramer, Kevin",R,1,1,1,233980.0,80377.0,R,D,0.488625988923,9.155335,0.876149,,0.0474593,7.51100666667,9.4155,1.16667,62.863,2.35306333333
335,K000382,repanniekuster,NH,2.0,rep,Democrat,Kuster,"Kuster, Annie",D,1,1,1,174371.0,158825.0,D,,0.0466572227758,-22.76115625,-9.35740142,-2.48709825,-1.0103985,-1.2802955,-11.533215,-0.917099065033,2.82439,-32.1222333333
336,L000580,replujangrisham,NM,1.0,rep,Democrat,Lujan Grisham,"Lujan Grisham, Michelle",D,1,1,1,181088.0,96879.0,D,R,0.302946033162,-30.365658,-92.89123,-16.765262,-25.234888,-10.8697236667,-14.8824975,-17.42267,-41.227568,-34.23383
337,M001188,repgracemeng,NY,6.0,rep,Democrat,Meng,"Meng, Grace",D,1,1,1,136506.0,50617.0,D,R,0.458997557756,-39.335906,-43.7280014286,-3.019642,-5.13287847143,-3.00220333333,-2.70089,-2.608437,-3.362264,-10.3807333333
338,J000294,repjeffries,NY,8.0,rep,Democrat,Jeffries,"Jeffries, Hakeem",D,1,1,1,214595.0,15401.0,D,C,0.866075931755,-38.53103175,-53.706497,-11.7411328,-8.9261755,-26.3022333333,-1.27869,-5.0597028,-31.41611,-10.72490775
339,M001185,repseanmaloney,NY,18.0,rep,Democrat,Maloney,"Maloney, Sean",D,1,1,1,162060.0,129369.0,D,R,0.112174835037,-2.00224502,-3.27115366667,-5.37596285714,-3.1595595,-5.7069324,-19.5672485,-1.931081,-1.187102,-0.926557333333
340,C001092,repchriscollins,NY,27.0,rep,Republican,Collins,"Collins, Chris",R,1,1,1,220885.0,107832.0,R,D,0.343921975438,2.3603845,0.876916333333,1.047829,0.5985105,2.256545,,1.003615,19.1231,4.094325
341,W000815,repbradwenstrup,OH,2.0,rep,Republican,Wenstrup,"Wenstrup, Brad",R,1,1,1,221193.0,111694.0,R,D,0.328937447242,-0.317603033333,11.3333,13.3594,0.129049,0.333333,,1.661289,41.16575,15.9406
342,B001281,repbeatty,OH,3.0,rep,Democrat,Beatty,"Beatty, Joyce",D,1,1,1,199791.0,91560.0,D,R,0.371479761525,-15.9599071429,-98.299216,-24.2237793333,-50.03232,-18.17458,-47.21548,-18.253332,-30.72372848,-33.542606
343,J000295,repdavejoyce,OH,14.0,rep,Republican,Joyce,"Joyce, David",R,1,1,1,219191.0,130907.0,R,D,0.25216939257,0.738331,4.07879,1.80073333333,10.0244733333,1.03478,1.79645,7.03748333333,7.6301915,16.8775
344,B001283,repjbridenstine,OK,1.0,rep,Republican,Bridenstine,"Bridenstine, Jim",R,1,1,1,,,R,,,,3.148411,,0.9410785,,,2.1165,,
345,M001190,repmullin,OK,2.0,rep,Republican,Mullin,"Mullin, Markwayne",R,1,1,1,189839.0,62387.0,R,D,0.505308731059,4.0359325,4.394284,3.6879552,2.060946,1.12973,1.31502533333,2.22314666667,11.5108806667,7.03430933333
346,P000605,repscottperry,PA,4.0,rep,Republican,Perry,"Perry, Scott",R,1,1,1,220628.0,113372.0,R,D,0.321125748503,-5.2530575,8.2235865,4.94336483667,7.77476,2.255575135,9.452005,6.20024333333,16.6355225,1.3966365
347,R000598,keithrothfus,PA,12.0,rep,Republican,Rothfus,"Rothfus, Keith",R,1,1,1,221851.0,137353.0,R,D,0.235236801372,9.639635,13.7347475,3.53999,3.6482224,0.171213,11.9565,7.134585,13.0385,7.8451
348,C001090,repcartwright,PA,17.0,rep,Democrat,Cartwright,"Cartwright, Matt",D,1,1,1,157734.0,135430.0,D,R,0.0760802827087,,,,,,,,-1.09615,
349,R000597,reptomrice,SC,7.0,rep,Republican,Rice,"Rice, Tom",R,1,1,1,176468.0,112744.0,R,D,0.220336638867,-0.4596735,,1.78065,3.856081,1.0121425,2.11304,,,
350,W000814,txrandy14,TX,14.0,rep,Republican,Weber,"Weber, Randy",R,1,1,1,160631.0,99054.0,R,D,0.237121897684,2.77887,2.538835,2.6189315,6.07081875,,1.541873,,2.60769,3.47872
351,O000170,repbetoorourke,TX,16.0,rep,Democrat,O'Rourke,"O'Rourke, Beto",D,1,1,1,150228.0,17491.0,D,L,0.79142494291,-1.3184895,-3.245385,-0.557214915,-0.90791,-2.95041,-1.06667,-1.37562,-1.09759666667,-0.748092
352,C001091,joaquincastrotx,TX,20.0,rep,Democrat,Castro,"Castro, Joaquin",D,1,1,1,149640.0,29055.0,D,L,0.67480903215,-2.08127623333,-1.93879333333,-21.4889683333,-0.521664,,-1.542323,-1.0033145,-1.98907666667,-4.65094802
353,W000816,reprwilliams,TX,25.0,rep,Republican,Williams,"Williams, Roger",R,1,1,1,180988.0,117073.0,R,D,0.21443597116,11.4925,13.0058,1.524955,0.7937105,,6.52174,,,
354,V000131,repveasey,TX,33.0,rep,Democrat,Veasey,"Veasey, Marc",D,1,1,1,93147.0,33222.0,D,R,0.474206490516,-39.828754,-66.0017666667,-6.1606615,-27.9026125,-8.7248225,-36.4602,,-2.867425,
355,V000132,repfilemonvela,TX,34.0,rep,Democrat,Vela,"Vela, Filemon",D,1,1,1,104638.0,62323.0,D,R,0.253442420685,,,-3.25715,,,,,,-2.06316
356,S001192,repchrisstewart,UT,2.0,rep,Republican,Stewart,"Stewart, Chris",R,1,1,1,170524.0,93778.0,R,D,0.290372377054,6.26916333333,4.71915,5.99789,2.904485,2.74108,2.097246,,15.03636,
357,K000381,repderekkilmer,WA,6.0,rep,Democrat,Kilmer,"Kilmer, Derek",D,1,1,1,201718.0,126116.0,D,R,0.230610613908,-9.10406833333,2.18489,-2.076942,-17.3387143333,-10.2345355,-3.24,-2.33948,-1.06452,-2.24427
358,H001064,repdennyheck,WA,10.0,rep,Democrat,Heck,"Heck, Denny",D,1,1,1,170460.0,120104.0,D,R,0.173304332264,,-300.145,-10.5279033333,-17.045025,,-18.14737,-16.686711,-40.5577,-62.14465
359,P000607,repmarkpocan,WI,2.0,rep,Democrat,Pocan,"Pocan, Mark",D,1,1,1,273537.0,124044.0,D,R,0.376006398696,-45.2187595,-57.687812,-22.162348,-15.3677325,-19.2584574,-26.293335,-1.8021,-15.07906,-22.527765
360,K000385,reprobinkelly,IL,2.0,rep,Democrat,Kelly,"Kelly, Robin",D,1,1,1,235051.0,59471.0,D,R,0.596152409667,-14.2585875,-55.32712,-8.32612333333,-8.9345975,-9.3681375,-15.3366333333,-0.848739,-34.5132,0.9667625
361,S000051,repsanfordsc,SC,1.0,rep,Republican,Sanford,"Sanford, Mark",R,1,1,1,190410.0,119799.0,R,D,0.227623956752,1.7001945,13.25144,2.3866576,1.2581965,3.929076,1.8513726,3.389155,6.19678,2.644827
362,S001195,repjasonsmith,MO,8.0,rep,Republican,Smith,"Smith, Jason",R,1,1,1,229792.0,70009.0,R,D,0.532963532477,1.403405,4.2752475,0.522451,12.6722,0.333333,4.79362,0.94898,,
363,C001101,repkclark,MA,5.0,rep,Democrat,Clark,"Clark, Katherine",D,1,1,1,285606.0,4201.0,D,Write in,0.971008291725,-34.6756257143,-64.301112,-13.5237408571,-40.6535957,-30.1769135,-47.1662208,-20.58157,-3.35539666667,-42.392298
364,B001289,repbyrne,AL,1.0,rep,Republican,Byrne,"Byrne, Bradley",R,1,1,0,208083.0,7810.0,R,write in,0.927649344814,3.688259,17.2593685714,21.695625,11.6142081714,12.86225906,6.83744116667,6.8246124,6.8000746,11.46605
365,J000296,usrepdavidjolly,FL,13.0,rep,Republican,Jolly,"Crist, Charlie",R,1,0,1,184693.0,171149.0,D,R,0.038061836433,-8.07125,-7.5103775,,1.077513,1.84303666667,4.153915,1.68093,0.673365333333,1.02102810193
366,C001102,repcurtclawson,FL,19.0,rep,Republican,Clawson,"Rooney, Francis",R,0,0,0,239225.0,123812.0,R,D,0.317909744737,,-1.1656,,,3.88937333333,,,,
367,B001290,repdavebrat,VA,7.0,rep,Republican,Brat,"Brat, Dave",R,1,1,1,218057.0,160159.0,R,D,0.153081836834,-1.162219,5.15152,4.01086,16.6373933333,,2.19418,,22.4853,0.00548438615
368,N000188,donaldnorcross,NJ,1.0,rep,Democrat,Norcross,"Norcross, Donald",D,1,1,1,183231.0,112388.0,D,R,0.239642918757,-61.7499057143,-96.7390085714,-63.6979714286,-46.2370546857,-32.4568857143,-41.8910435714,-41.979856,-9.29175142857,-39.4966325714
369,A000370,repadams,NC,12.0,rep,Democrat,Adams,"Adams, Alma",D,1,1,1,234115.0,115185.0,D,R,0.340480961924,-57.8260561667,-73.157548,-13.865356,-27.4814267,-12.7508394,-24.185322,-31.174888,-21.194498,-37.81686
370,D000613,repdold,IL,10.0,rep,Republican,Dold,"Schneider, Brad",R,1,0,1,150435.0,135535.0,D,R,0.0521033674861,3.40091428571,2.99362171429,2.83534983333,3.29454588,5.959971,1.953038,2.17609,3.19957,2.58455785714
371,G000570,repfrankguinta,NH,1.0,rep,Republican,Guinta,"Shea-Porter, Carol",R,0,0,0,162080.0,157176.0,D,R,0.0153607136593,,2.88607,0.4748184,3.900565,,1.09709,,13.3235645,2.8401
372,P000609,usrepgarypalmer,AL,6.0,rep,Republican,Palmer,"Palmer, Gary",R,1,1,1,245313.0,83709.0,R,D,0.491164724547,-0.602145,4.222761,1.90619,11.0436935,1.240658,1.39361533333,1.05825,19.4096,2.08829266667
373,H001072,repfrenchhill,AR,2.0,rep,Republican,Hill,"Hill, French",R,1,1,1,176472.0,111347.0,R,D,0.226270677057,,11.1906933333,4.3875,4.01043,4.494398,5.781034,1.3010515,3.22049,2.3314736
374,W000821,repwesterman,AR,4.0,rep,Republican,Westerman,"Westerman, Bruce",R,1,1,1,182885.0,61274.0,R,L,0.498081168419,9.13553666667,4.63154333333,2.06198,12.298038,2.03362,4.0244895,6.50009,6.54832166667,29.4081
375,M001197,repmcsally,AZ,2.0,rep,Republican,McSally,"McSally, Martha",R,1,1,1,179806.0,135873.0,R,D,0.13916985292,2.168786292,3.068032,6.610825,1.32530666667,2.4415425,3.665998,2.4925575,5.87693,1.1632105
376,G000574,reprubengallego,AZ,7.0,rep,Democrat,Gallego,"Gallego, Ruben",D,1,1,1,119465.0,39286.0,D,R,0.50506138544,-67.91121,-66.919628,-63.7825012,-45.49974175,-22.4039708,-55.89134,-27.0990602857,-20.621056,-67.0499
377,D000623,repdesaulnier,CA,11.0,rep,Democrat,DeSaulnier,"DeSaulnier, Mark",D,1,1,1,214868.0,83341.0,D,R,0.441056440282,-3.126625,-57.179384,-0.905202,-5.999949,-10.4443707143,-16.290622,-22.0881761667,-20.6397875,-43.771056
378,K000387,steveknight25,CA,25.0,rep,Republican,Knight,"Knight, Steve",R,1,1,1,138755.0,122406.0,R,D,0.0626012306585,-0.0334621,,,0.129049,,,0.989362,,
379,A000371,reppeteaguilar,CA,31.0,rep,Democrat,Aguilar,"Aguilar, Pete",D,1,1,1,121070.0,94866.0,D,R,0.121350770599,-16.8375428333,-93.9012375,-37.647,-0.949153,-1.3499505,-29.1787,-3.77982,-3.45133,-61.3435
380,L000582,reptedlieu,CA,33.0,rep,Democrat,Lieu,"Lieu, Ted",D,1,1,1,219397.0,110822.0,D,R,0.328796949903,-2.66884333333,-58.1596,-15.0647252,-22.8905134,-6.0582474,-8.5569675,-30.01362,-1.467386,-11.39229
381,T000474,normajtorres,CA,35.0,rep,Democrat,Torres,"Torres, Norma",D,1,1,1,124044.0,47309.0,D,R,0.447818246544,-0.785114225,-26.4573366667,-13.392645,-16.8695447525,-1.80698066667,-3.19264666667,-1.35702716667,-7.06347666667,-14.2758566667
382,W000820,repmimiwalters,CA,45.0,rep,Republican,Walters,"Walters, Mimi",R,1,1,1,182618.0,129231.0,R,D,0.171195033494,9.4017,11.2494285714,5.46926975,10.851675,3.8461375,1.791368,5.057038,7.65633483333,10.7153088333
383,B001297,repkenbuck,CO,4.0,rep,Republican,Buck,"Buck, Ken",R,1,1,1,248230.0,123642.0,R,D,0.335029257379,1.103371,4.755525,3.103446,5.267775,-0.000635728,5.943985,,0.796748,1.4622555
384,G000575,repgwengraham,FL,2.0,rep,Democrat,Graham,"Dunn, Neal",D,0,0,0,231163.0,102801.0,R,D,0.384358793163,-34.1591698333,-9.42988,-1.3205806975,-2.00957775,-1.0,,,-2.67308666667,-1.50445
385,C001107,repcurbelo,FL,26.0,rep,Republican,Curbelo,"Curbelo, Carlos",R,1,1,1,148547.0,115493.0,R,D,0.125185577943,-2.81464333333,-1.39561616667,3.94550766667,8.9795896,3.090941,7.49815925,-7.4018825,1.870593,1.23539766667
386,C001103,repbuddycarter,GA,1.0,rep,Republican,Carter,"Carter, Buddy",R,1,1,1,210243.0,0.0,R,NONE,1.0,1.37997,7.13405,-2.29316,0.3597021,2.3071735,3.646495,,2.32012,4.94845
387,H001071,congressmanhice,GA,10.0,rep,Republican,Hice,"Hice, Jodi",R,1,1,0,243725.0,0.0,R,NONE,1.0,5.78241833333,22.95875889,3.5580672,2.78348166667,2.34036166667,4.25689,4.937345,6.70186325,-1.3579105
388,L000583,reploudermilk,GA,11.0,rep,Republican,Loudermilk,"Loudermilk, Barry",R,1,1,1,217935.0,105383.0,R,D,0.348115477641,-0.0662162,,2.991784,16.207875,0.90678,2.58093333333,,3.050926,
389,A000372,reprickallen,GA,12.0,rep,Republican,Allen,"Allen, Rick",R,1,1,1,159492.0,99420.0,R,D,0.232017055988,3.30991333333,7.68775666667,5.976595,4.77389666667,3.62314,1.67575925,1.64497666667,0.8096155,2.1529
390,B001294,reprodblum,IA,1.0,rep,Republican,Blum,"Blum, Rod",R,1,1,1,206903.0,177403.0,R,D,0.0767617471494,1.2159208,1.00128657143,2.24843516667,5.303685,2.060018,3.25878685714,1.3860625,1.01522025,1.0424282
391,Y000066,repdavidyoung,IA,3.0,rep,Republican,Young,"Young, David",R,1,1,1,208598.0,155002.0,R,D,0.147403740374,-8.37808214286,4.43739528571,1.68303014286,1.52132071429,2.37376857143,1.853682,1.66126857143,0.986043,0.0977514285714
392,B001295,repbost,IL,12.0,rep,Republican,Bost,"Bost, Mike",R,1,1,1,169976.0,124246.0,R,D,0.155426854552,2.44726375,1.35956066667,1.114624,,,,,,
393,A000374,repabraham,LA,5.0,rep,Republican,Abraham,"Abraham, Ralph",R,1,1,1,208545.0,47117.0,R,R,0.631411785874,0.967105,0.885246,,,,,,,3.03922
394,G000577,repgarretgraves,LA,6.0,rep,Republican,Graves,"Graves, Garret",R,1,1,1,207483.0,49380.0,R,D,0.615514885367,1.22383026,1.0177975,,0.991301,2.14961666667,0.974138,2.71631,0.869231,
395,M001196,teammoulton,MA,6.0,rep,Democrat,Moulton,"Moulton, Seth",D,1,1,1,308923.0,5132.0,D,Write in,0.967317826495,-10.2233174,-39.223645,-9.080928,-6.886165,-14.323355,-49.923771,-2.67038825,-2.15559,-4.5605924
396,P000611,reppoliquin,ME,2.0,rep,Republican,Poliquin,"Poliquin, Bruce",R,1,1,1,192878.0,159081.0,R,D,0.0960253893209,4.41976,0.7711691,5.594752,1.663265,-0.59611085,1.94828,1.53809,-0.00983662,
397,M001194,repmoolenaar,MI,4.0,rep,Republican,Moolenaar,"Moolenaar, John",R,1,1,1,194572.0,101277.0,R,D,0.315346680232,1.7047,9.44767,,-0.55353586,,0.909836,,,
398,B001293,repmikebishop,MI,8.0,rep,Republican,Bishop,"Bishop, Mike",R,1,1,1,205629.0,143791.0,R,D,0.17697326999,-3.0948175,2.72759475,11.32276,8.85399144,1.76801333333,1.092025,1.57482066667,8.1385,7.47268333333
399,T000475,repdavetrott,MI,11.0,rep,Republican,Trott,"Trott, Dave",R,1,1,1,200872.0,152461.0,R,D,0.137012393408,,,8.7149,,,,0.00160328,0.75,
400,D000624,repdebdingell,MI,12.0,rep,Democrat,Dingell,"Dingell, Debbie",D,1,1,1,211378.0,96104.0,D,R,0.374896741923,-20.873194,-6.21488,-15.0498051633,-22.8072136667,-2.68474,-0.92,-4.07993366667,-27.50754,-30.7778
401,L000581,replawrence,MI,14.0,rep,Democrat,Lawrence,"Lawrence, Brenda",D,1,1,1,244135.0,58103.0,D,R,0.615514925324,-28.3832356667,-308.088,-18.40287725,-32.2486866667,0.698665,-43.500575,,,-0.8116335
402,E000294,reptomemmer,MN,6.0,rep,Republican,Emmer,"Emmer, Tom",R,1,1,1,235380.0,123008.0,R,D,0.313548444702,1.28128204333,14.2285686667,1.308473405,0.746148,1.825336,1.72508133333,5.351245,6.220204,7.8399455
403,Z000018,repryanzinke,MT,0.0,rep,Republican,Zinke,"Zinke, Ryan",R,1,1,1,285358.0,205919.0,R,D,0.161699000767,1.436579622,1.6816428165,0.7152143,0.929032,,,,0.541437433333,1.93878
404,R000603,repdavidrouzer,NC,7.0,rep,Republican,Rouzer,"Rouzer, David",R,1,1,1,211801.0,135905.0,R,D,0.218276359913,,0.774211,,6.346995,4.003875,10.2422,5.478405,2.55556,1.17055
405,A000373,repbradashford,NE,2.0,rep,Democrat,Ashford,"Bacon, Don",R,1,1,1,141066.0,137602.0,R,D,0.0124305625332,-1.33200342857,-0.859457142857,-1.23548633333,-1.65289,-5.73412333333,-0.0127521666667,-9.02155171429,-1.68808333333,-2.07550016667
406,M001193,reptommacarthur,NJ,3.0,rep,Republican,MacArthur,"MacArthur, Tom",R,1,1,1,194596.0,127526.0,R,D,0.208213037296,5.31686666667,9.99311533333,4.58148866667,3.90335725,5.41407,4.5655925,3.0714556,1.7037,1.0746305
407,W000822,repbonnie,NJ,12.0,rep,Democrat,Watson Coleman,"Watson Coleman, Bonnie",D,1,1,1,181430.0,92407.0,D,R,0.325094855699,-50.781084,-55.518636,-64.7707,-59.5860525,-2.787722,-7.18585,-57.6422,-22.26295,-0.862385
408,H001070,rephardy,NV,4.0,rep,Republican,Hardy,"Kihuen, Ruben",D,1,1,1,128985.0,118328.0,D,R,0.0430911436115,2.881545,10.322063,5.22993666667,3.146738,3.6788,3.31474166667,2.34272666667,4.37933025,2.3421875
409,Z000017,repleezeldin,NY,1.0,rep,Republican,Zeldin,"Zeldin, Lee",R,1,1,1,188499.0,135278.0,R,D,0.164375480655,0.00384,1.36235233333,0.954248,,,,,,
410,R000602,repkathleenrice,NY,4.0,rep,Democrat,Rice,"Rice, Kathleen",D,1,1,1,186423.0,126438.0,D,R,0.191730512911,-31.05868,-37.666981,-14.601605,-13.7702575,-14.3055125,-31.863736,-19.386372,-15.9034625,-32.3911233333
411,S001196,repstefanik,NY,21.0,rep,Republican,Stefanik,"Stefanik, Elise",R,1,1,1,177886.0,82161.0,R,D,0.368106534588,2.893556,10.2358883333,4.07505333333,2.287085,1.53478,1.2444645,1.3016304,1.221765,1.1187978
412,K000386,repjohnkatko,NY,24.0,rep,Republican,Katko,"Katko, John",R,1,1,1,182761.0,119040.0,R,D,0.211135814659,1.4709545,,4.45,1.06429,2.060575,0.909836,,,
413,R000604,reprussell,OK,5.0,rep,Republican,Russell,"Russell, Steve",R,1,1,1,160184.0,103273.0,R,D,0.216016275901,,,,,,,,,
414,C001106,repryancostello,PA,6.0,rep,Republican,Costello,"Costello, Ryan",R,1,1,1,207469.0,155000.0,R,D,0.144754447967,0.64924875,6.86163,-0.6659385,1.65762,0.506929,2.34960333333,2.9090175,3.86111,1.13861
415,B001296,repbrendanboyle,PA,13.0,rep,Democrat,Boyle,"Boyle, Brendan",D,1,1,0,239316.0,0.0,D,NONE,1.0,-1.630106,-7.58792833333,-2.0699352,-6.5473575,-3.7856,-3.99236566667,-1.1919196,-19.4830166667,-1.43550233333
416,R000601,repratcliffe,TX,4.0,rep,Republican,Ratcliffe,"Ratcliffe, John",R,1,1,1,216643.0,29577.0,R,L,0.7597514418,3.748715,2.9647175,2.82355266667,15.4678875,-0.0191668,5.57119,1.11731,14.9147666667,34.01508
417,H001073,hurdonthehill,TX,23.0,rep,Republican,Hurd,"Hurd, Will",R,1,1,1,110577.0,107526.0,R,D,0.0139888034552,8.98279,9.01522285714,9.27826571429,8.76904571429,9.99080428571,7.11775142857,6.10701,6.16520285714,3.46067
418,B001291,repbrianbabin,TX,36.0,rep,Republican,Babin,"Babin, Brian",R,1,1,1,193675.0,24890.0,R,G,0.772241667239,2.600034,6.18018,0.9222855,4.932613,1.03478,0.993688,0.154166,0.912281,7.8411215
419,L000584,repmialove,UT,4.0,rep,Republican,Love,"Love, Mia",R,1,1,1,147597.0,113413.0,R,D,0.130968162139,3.96029883333,3.201824,5.565685,9.7951725,2.0426,1.360042,1.65271,0.869231,
420,B001292,repdonbeyer,VA,8.0,rep,Democrat,Beyer,"Beyer, Don",D,1,1,1,246653.0,98387.0,D,R,0.429706700672,-23.8526714286,-66.5134471429,-14.846734,-10.5374638571,-15.0021328571,-28.29554,-24.389584,-16.2268614286,-25.7908866667
421,C001105,repcomstock,VA,10.0,rep,Republican,Comstock,"Comstock, Barbara",R,1,1,1,210791.0,187712.0,R,D,0.0579142440584,1.86097357143,2.48829733333,1.38039728571,1.17947483333,-0.188811,0.92419875,1.06167533333,2.211808,1.92724
422,N000189,repnewhouse,WA,4.0,rep,Republican,Newhouse,"Newhouse, Dan",R,1,1,1,132517.0,97402.0,R,R,0.152727699755,1.37474,2.310694,2.21728666667,2.10714,2.508405,1.09709,17.6733,9.260145,2.10726
423,G000576,repgrothman,WI,6.0,rep,Republican,Grothman,"Grothman, Glenn",R,1,1,1,204147.0,133072.0,R,D,0.210768076532,2.79424,,1.18058333333,31.2619,0.739611,,2.33333,27.765,
424,M001195,repalexmooney,WV,2.0,rep,Republican,Mooney,"Mooney, Alex",R,1,1,1,140807.0,101207.0,R,D,0.163626897617,-3.4198062,-0.304219,1.71765933333,-0.0138842666667,1.81356,,1.02857,,1.0746305
425,J000297,repevanjenkins,WV,3.0,rep,Republican,Jenkins,"Jenkins, Evan",R,1,1,1,140741.0,49708.0,R,D,0.477991483284,-1.37229,5.48786,,0.929032,1.03478,0.909836,1.17822,0.869231,1.13861
426,W000819,repmarkwalker,NC,6.0,rep,Republican,Walker,"Walker, Mark",R,1,1,1,207983.0,143167.0,R,D,0.184582087427,4.54513125,9.684375,2.6328206,1.48812325,1.01397333333,4.814865,2.1195,-2.31462366667,7.030302
427,D000625,repdandonovan,NY,11.0,rep,Republican,Donovan,"Donovan, Dan",R,1,1,1,142934.0,85257.0,R,D,0.252757558361,1.095444,1.8893884,2.46402,2.73117175,2.05159,1.885913,2.33334,34.6748666667,3.47872
428,K000388,reptrentkelly,MS,1.0,rep,Republican,Kelly,"Kelly, Trent",R,1,1,1,206455.0,83947.0,R,D,0.421856598784,1.0059425,3.22075733333,,0.801587,1.81356,1.2302728,0.94337762,0.841508666667,1.2363066
429,L000585,replahood,IL,18.0,rep,Republican,LaHood,"LaHood, Darin",R,1,1,1,250506.0,96770.0,R,D,0.442691116,1.21113666667,3.51648085,,4.07761733333,0.243307,,1.009622,11.451855825,7.61239275
435,A000368,kellyayotte,NH,None,sen,Republican,Ayotte,Ayotte,R,1,0,1,354649.0,353632.0,D,R,0.00143587079139,2.18392316667,7.71948994286,2.974461,4.745522,6.56189833333,3.11131685714,3.4922924,2.86748728571,5.33858571429
436,B001267,senbennetco,CO,None,sen,Democrat,Bennet,Bennet,D,1,1,1,1370710.0,1215318.0,D,R,0.0600890632275,,,,,,,0.507937,,
437,B001277,senblumenthal,CT,None,sen,Democrat,Blumenthal,Blumenthal,D,1,1,1,1008714.0,552621.0,D,R,0.292117322676,-34.8449766667,-11.6604057143,-3.908745,-3.71964916667,-3.71475666667,-14.69466,-2.09474166667,-9.4501,-3.99393514286
438,B000575,royblunt,MO,None,sen,Republican,Blunt,Blunt,R,1,1,1,1378458.0,1300200.0,R,D,0.0292153757591,1.293236196,10.6441475,-0.2518148,4.8087125,4.53898333333,6.6573332,6.308628,15.8166533333,13.99982
439,B001236,johnboozman,AR,None,sen,Republican,Boozman,Boozman,R,1,1,1,661984.0,400602.0,R,D,0.245986677784,-29.5425753333,5.69075285714,1.9521005,3.20051375,0.73545944925,5.76775,2.5584302,8.4702358,3.563882
440,B000711,senatorboxer,CA,None,sen,Democrat,Boxer,Boxer,D,0,0,0,7542753.0,4701417.0,D,D,0.232056235743,,-6.36807,-61.5652,-24.810395,,-12.8731,-0.857143,,
441,B001135,senatorburr,NC,None,sen,Republican,Burr,Burr,R,1,1,1,2395376.0,2128165.0,R,D,0.059071201079,-4.09370675,20.18705,2.371015,5.21160333333,4.297805,5.63898025,4.36341225,2.06245,7.918155
442,C000880,mikecrapo,ID,None,sen,Republican,Crapo,Crapo,R,1,1,1,449017.0,188249.0,R,D,0.409198042889,-2.9669216,7.06991142857,2.2891315,2.91163,1.81356,3.97712,2.62896066667,0.977778,2.00900333333
443,G000386,chuckgrassley,IA,None,sen,Republican,Grassley,Grassley,R,1,1,1,926007.0,549460.0,R,D,0.255205301101,,0.688525,1.22807,1.193205,0.90678,3.1876716,0.983485333333,0.796748,1.1632105
444,H001061,senjohnhoeven,ND,None,sen,Republican,Hoeven,Hoeven,R,1,1,1,268788.0,58116.0,R,D,0.644446075912,,2.333365,0.539624,0.45875265,2.450534,2.18540833333,3.027605,4.51297,2.63368
445,I000055,senatorisakson,GA,None,sen,Republican,Isakson,Isakson,R,1,1,1,2135806.0,1599726.0,R,D,0.143508340981,4.10554333333,16.5180433333,2.06887,5.15622,2.5619832,5.99533,1.16667,1.7346705,
446,K000360,senatorkirk,IL,None,sen,Republican,Kirk,Kirk,R,1,0,1,3012940.0,2184692.0,D,R,0.159351027545,3.650122,2.9924,5.37932,3.88207778,2.53849166667,4.540435,2.69125183333,1.17521166667,2.1654476
447,L000575,senatorlankford,OK,None,sen,Republican,Lankford,Lankford,R,1,1,1,980892.0,355911.0,R,D,0.467519148296,0.40573,6.569222,4.71571333333,14.65216,6.4357075,4.05938666667,6.346202,15.318518,6.85167666667
448,L000174,senatorleahy,VT,None,sen,Democrat,Leahy,Leahy,D,1,1,1,192243.0,103637.0,D,R,0.29946599973,-64.2940775,-48.1622,-28.468984,-17.7596716667,-14.4188474,-7.1208675,-16.0462475,-12.162636,-5.84250666667
449,L000577,senmikelee,UT,None,sen,Republican,Lee,Lee,R,1,1,1,760241.0,301860.0,R,D,0.431579482554,2.90131,5.600755,2.82876325,5.701645,9.97458,,,,0.439863
450,M000303,senjohnmccain,AZ,None,sen,Republican,McCain,McCain,R,1,1,1,1359267.0,1031245.0,R,D,0.137218303025,9.477244,8.49740166667,9.703385,9.49681,8.694984,6.750135,5.5910564,12.636393,8.55804525
451,M000702,senatorbarb,MD,None,sen,Democrat,Mikulski,Mikulski,D,0,0,0,1659907.0,972557.0,D,R,0.261105185104,,-6.19353,,,,-0.911504,-0.865494,,-29.1756
452,M000934,jerrymoran,KS,None,sen,Republican,Moran,Moran,R,1,1,1,732376.0,379740.0,R,D,0.317085627758,1.04165,10.5681655,2.57468,2.13052,0.961795,5.03977333333,1.75578,0.584122,1.33673
453,M001153,lisamurkowski,AK,None,sen,Republican,Murkowski,Murkowski,R,1,1,1,138149.0,36200.0,R,D,0.584740950622,2.20416,6.04440666667,1.9085,4.19160033333,1.28128,,1.36479,0.805326333333,-1.36815
454,M001111,pattymurray,WA,None,sen,Democrat,Murray,Murray,D,1,1,1,1913979.0,1329338.0,D,R,0.180260208916,-30.0196416667,-33.7356075,-4.2336092,-13.75903,-8.47636,-8.41456,-14.3160025,-4.374875,-41.8931
456,P000449,senrobportman,OH,None,sen,Republican,Portman,Portman,R,1,1,1,3118567.0,1996908.0,R,D,0.21926780993,5.18928333333,6.85227714286,4.67383585714,6.82072428571,6.47495571429,8.43484571429,6.21128857143,6.83143142857,7.73905571429
457,R000146,senatorreid,NV,None,sen,Democrat,Reid,Reid,D,0,0,0,521994.0,495079.0,D,R,0.0264631938907,-25.980025,,-2.0785,-25.2034633333,-2.20561,,,,-36.6565
458,R000595,senrubiopress,FL,None,sen,Republican,Rubio,Rubio,R,1,1,1,4835191.0,4122088.0,R,D,0.0796115650746,-11.4059475,3.909112,-2.3395696,7.00312666667,9.12721833333,2.6602475,5.5489174,11.2947435,5.00063
459,S000148,senschumer,NY,None,sen,Democrat,Schumer,Schumer,D,1,1,1,5221949.0,2009353.0,D,R,0.444262457853,-74.9022225,-34.00054,-4.697625,-23.5411385,-1.90252983333,-3.1425408,-3.3363918,-1.3984175,-16.32383525
460,S001184,senatortimscott,SC,None,sen,Republican,Scott,Scott,R,1,1,1,1241609.0,757022.0,R,D,0.242459463503,2.240078,11.9445136667,-0.298902,1.634652,11.6282694286,2.8522448,2.43056666667,1.5249344,0.731537333333
461,S000320,senshelby,AL,None,sen,Republican,Shelby,Shelby,R,1,1,1,1335104.0,748709.0,R,D,0.281404809357,1.69191,1.0303,2.35135,1.06429,0.5692666,,,11.9259,
462,T000250,senjohnthune,SD,None,sen,Republican,Thune,Thune,R,1,1,1,265516.0,104140.0,R,D,0.436557231588,5.8552,1.254841,,3.23477,1.52778,1.09709,2.59091,25.0653,1.416897
463,T000461,sentoomey,PA,None,sen,Republican,Toomey,Toomey,R,1,1,1,2951702.0,2865012.0,R,D,0.0149036036498,0.45084575,1.3403205,,1.73026043333,,5.79306566667,0.989362,19.26,2.122601
465,W000779,ronwyden,OR,None,sen,Democrat,Wyden,Wyden,D,1,1,1,1105119.0,651106.0,D,R,0.258516420163,-23.538565,-35.355218,-6.83471661,-21.209182,-0.846154,-8.48965,-2.25152376667,-2.514915,-10.1563925
466,S001194,senbrianschatz,HI,None,sen,Democrat,Schatz,Schatz,D,1,1,1,306604.0,92653.0,D,R,0.535872883882,-40.88888,-29.666305,-16.0831175,-2.51363,-18.1556333333,-1.633146,-5.87877,-1.803175,-11.2287425
