,id.bioguide,handle,name.official_full,bio.gender,type,party,district,district,inc_ran,inc_won,had_challenger,inc_party,winner_party,runnerup_party,runnerup_votes,winner_votes,week1,week2,week3,week4,week5,week6,week7,week8,week9
0,A000055,robert_aderholt,Robert B. Aderholt,M,rep,Republican,AL-04,4.0,1.0,1.0,0,R,R,write in,"3,519","235,925",1.5081425,,2.45614,19.8266,,10.8463,,0.851852,
1,A000367,,Justin Amash,M,rep,Republican,MI-03,3.0,1.0,1.0,1,R,R,D,"128,400","203,545",,,,,,,,,
2,C001049,,Wm. Lacy Clay,M,rep,Democrat,MO-01,1.0,1.0,1.0,1,D,D,R,"62,714","236,993",,,,,,,,,
3,D000604,,Charles W. Dent,M,rep,Republican,PA-15,15.0,1.0,1.0,1,R,R,D,"124,129","190,618",,,,,,,,,
4,P000603,,Rand Paul,M,sen,Republican,KY,,1.0,1.0,1,R,R,D,"813,246","1,090,177",,,,,,,,,
5,R000409,,Dana Rohrabacher,M,rep,Republican,CA-48,42.0,1.0,1.0,1,R,R,D,"127,715","178,701",,,,,,,,,
6,V000127,,David Vitter,M,rep,Republican,LA,1.0,0.0,0.0,0,R,R,D,"337,833","482,591",,,,,,,,,
7,A000368,kellyayotte,Kelly Ayotte,F,sen,Republican,NH,,1.0,0.0,1,R,D,R,"353,632","354,649",2.18392316667,7.71948994286,2.974461,4.745522,6.56189833333,3.11131685714,3.4922924,2.86748728571,5.33858571429
8,B001269,reploubarletta,Lou Barletta,M,rep,Republican,PA-11,11.0,1.0,1.0,1,R,R,D,"113,800","199,421",,-0.114591,3.56129,,0.182323,,,0.869231,
9,B000213,repjoebarton,Joe Barton,M,rep,Republican,TX-06,6.0,1.0,1.0,1,R,R,D,"106,667","159,444",1.93365,,2.55,,,2.17391,2.1165,16.99308,21.8655
10,B001270,repkarenbass,Karen Bass,F,rep,Democrat,CA-37,33.0,1.0,1.0,1,D,D,D,"44,782","192,490",-14.93806,-92.0633933333,-18.224034,-19.0900975,-5.1011025,-11.5096966667,-20.1736143333,-11.3384725,-26.3740875
11,B000287,repbecerra,Xavier Becerra,M,rep,Democrat,CA-34,30.0,1.0,1.0,1,D,D,D,"36,314","122,842",-30.206601,-40.4079683333,-17.2386933333,-5.43249246667,-4.29144325,-3.787882,-2.16768533333,-3.9034875,-12.66116625
12,B001267,senbennetco,Michael F. Bennet,M,sen,Democrat,CO,,1.0,1.0,1,D,D,R,"1,215,318","1,370,710",,,,,,,0.507937,,
13,B001250,reprobbishop,Rob Bishop,M,rep,Republican,UT-01,1.0,1.0,1.0,1,R,R,D,"73,380","182,925",,,,,,,,,
14,B000490,sanfordbishop,Sanford D. Bishop Jr.,M,rep,Democrat,GA-02,2.0,1.0,1.0,1,D,D,R,"94,056","148,543",-1.03457,0.231907,-1.02609,-49.9906,0.699301,,-0.944954,-4.69565,
15,B001273,repdianeblack,Diane Black,F,rep,Republican,TN-06,6.0,1.0,1.0,1,R,R,D,"61,995","202,234",2.97440833333,3.72759885714,7.829558,7.146729,2.420896,9.99150833333,5.29247333333,9.057695,3.2809
16,B001243,marshablackburn,Marsha Blackburn,F,rep,Republican,TN-07,7.0,1.0,1.0,1,R,R,D,"65,226","200,407",1.26375,2.04484625,0.67664,3.27520125,1.04054,1.08696,1.09332566667,7.04360666667,1.85091333333
17,B000574,blumenauermedia,Earl Blumenauer,M,rep,Democrat,OR-03,3.0,1.0,1.0,1,D,D,I,"78,154","274,687",,,,,,,,,
18,B001277,senblumenthal,Richard Blumenthal,M,sen,Democrat,CT,,1.0,1.0,1,D,D,R,"552,621","1,008,714",-34.8449766667,-11.6604057143,-3.908745,-3.71964916667,-3.71475666667,-14.69466,-2.09474166667,-9.4501,-3.99393514286
19,B000575,royblunt,Roy Blunt,M,rep,Republican,MO,7.0,1.0,1.0,1,R,R,D,"1,300,200","1,378,458",1.293236196,10.6441475,-0.2518148,4.8087125,4.53898333333,6.6573332,6.308628,15.8166533333,13.99982
20,B001236,johnboozman,John Boozman,M,rep,Republican,AR,3.0,1.0,1.0,1,R,R,D,"400,602","661,984",-29.5425753333,5.69075285714,1.9521005,3.20051375,0.73545944925,5.76775,2.5584302,8.4702358,3.563882
21,B000711,senatorboxer,Barbara Boxer,F,rep,Democrat,CA,6.0,0.0,0.0,0,D,D,D,"4,701,417","7,542,753",,-6.36807,-61.5652,-24.810395,,-12.8731,-0.857143,,
22,B000755,repkevinbrady,Kevin Brady,M,rep,Republican,TX-08,8.0,1.0,1.0,1,R,R,NONE,0,"236,379",7.76292166667,18.0770575,5.08546150333,7.298835,9.630764,17.2899,10.460926,18.28328,10.4938086
23,B001227,repbrady,Robert A. Brady,M,rep,Democrat,PA-01,1.0,1.0,1.0,1,D,D,R,"53,219","245,791",-1.51076333333,,,,-0.728736,-8.46856666667,-10.3945,,
24,B001274,repmobrooks,Mo Brooks,M,rep,Republican,AL-05,5.0,1.0,1.0,1,R,R,D,"102,234","205,647",3.753665,7.327078,5.72549,13.6012,0.013986,,,,1.33673
25,B001260,vernbuchanan,Vern Buchanan,M,rep,Republican,FL-16,13.0,1.0,1.0,1,R,R,D,"155,262","230,654",0.426322041,0.691402575,0.570156605,-0.00115266,0.647186666667,1.09709,1.09795666667,0.838044333333,0.90860666225
26,B001275,replarrybucshon,Larry Bucshon,M,rep,Republican,IN-08,8.0,1.0,1.0,1,R,R,D,"93,356","187,702",4.099385,4.48891733333,2.82355266667,11.527016,5.90678,12.15182,6.80561666667,10.63921,28.0714
27,B001248,michaelcburgess,Michael C. Burgess,M,rep,Republican,TX-26,26.0,1.0,1.0,1,R,R,D,"94,507","211,730",3.17226385714,9.64109642857,3.910375,6.42401833333,4.90961666667,2.539408,5.619437175,3.67269833333,46.31925
28,B001135,senatorburr,Richard Burr,M,rep,Republican,NC,5.0,1.0,1.0,1,R,R,D,"2,128,165","2,395,376",-4.09370675,20.18705,2.371015,5.21160333333,4.297805,5.63898025,4.36341225,2.06245,7.918155
29,B001251,gkbutterfield,G. K. Butterfield,M,rep,Democrat,NC-01,1.0,1.0,1.0,1,D,D,R,"101,567","240,661",-31.201828,-44.9651933333,-41.81591,-23.698446725,-0.944557,-1.013356,-16.951423,-21.594805,-42.551175
30,C000059,kencalvert,Ken Calvert,M,rep,Republican,CA-42,43.0,1.0,1.0,1,R,R,D,"104,689","149,547",,,,8.32141,1.81356,13.165,6.92553,23.2032,0.969388
31,C001037,repmikecapuano,Michael E. Capuano,M,rep,Democrat,MA-07,8.0,1.0,1.0,1,D,D,Write in,"3,557","253,354",,,,,,,,,
32,C001072,repandrecarson,André Carson,M,rep,Democrat,IN-07,7.0,1.0,1.0,1,D,D,R,"94,456","158,739",-0.34211,-21.588315,,-28.22447,-11.564085,-0.969027,-0.8968465,-1.241885,-2.25652
33,C001051,judgecarter,John R. Carter,M,rep,Republican,TX-31,31.0,1.0,1.0,1,R,R,D,"103,852","166,060",2.2245066,1.81954971429,8.23511833333,10.3293764,4.1756875,0.831308,3.05815,10.051637,6.051328
34,C001066,usrepkcastor,Kathy Castor,F,rep,Democrat,FL-14,11.0,1.0,1.0,1,D,D,R,"121,088","195,789",-44.1565445714,-44.4575225,-45.45454,-6.229427,-30.346366,-27.6902185,-17.485778304,-39.017744,-32.6011528571
35,C000266,repstevechabot,Steve Chabot,M,rep,Republican,OH-01,1.0,1.0,1.0,1,R,R,D,"144,644","210,014",9.609916,3.45763,7.824885,13.05167,6.6944875,13.5983,2.62413,14.566276,-0.074886
36,C001076,jasoninthehouse,Jason Chaffetz,M,rep,Republican,UT-03,3.0,1.0,1.0,1,R,R,D,"75,716","209,589",2.89206625,2.47651,9.73685,1.06429,,2.17392,3.95745,6.95012,2.48117525
37,C001080,repjudychu,Judy Chu,F,rep,Democrat,CA-27,32.0,1.0,1.0,1,D,D,R,"81,655","168,977",-45.849572175,-83.8407,-17.933705,-20.39724825,-1.4581205,-27.299825,-16.953095,-8.9282,
38,C001084,repcicilline,David N. Cicilline,M,rep,Democrat,RI-01,1.0,1.0,1.0,1,D,D,R,"71,023","130,534",-70.6032578,-110.0227625,-61.80428,-45.7547,-30.5785333333,-26.079672,-18.0891533333,-25.9259025,-45.09795
39,C001067,yvetteclarke,Yvette D. Clarke,F,rep,Democrat,NY-09,11.0,1.0,1.0,1,D,D,C,"17,576","214,189",,,,,,,,,
40,C001061,repcleaver,Emanuel Cleaver,M,rep,Democrat,MO-05,5.0,1.0,1.0,1,D,D,R,"123,771","190,766",-6.3020876,-194.11,-8.202654,-32.020135,-0.1192925,0.375556,-18.2483175,-3.68411,-9.614692325
41,C000537,clyburn,James E. Clyburn,M,rep,Democrat,SC-06,6.0,1.0,1.0,1,D,D,R,"70,099","177,947",-0.957143,-125.92788,-19.13218,-49.9906,,-36.4602,-2.10752,-11.323005,
42,C001077,repmikecoffman,Mike Coffman,M,rep,Republican,CO-06,6.0,1.0,1.0,1,R,R,D,"160,372","191,626",1.30064863333,19.6926635,3.93032666667,12.6586,,0.974138,3.07044,2.60271,
43,C001068,repcohen,Steve Cohen,M,rep,Democrat,TN-09,9.0,1.0,1.0,1,D,D,R,"41,123","171,631",-11.3916245,-48.42999,-11.027258,-25.3313466667,-23.5508716667,-7.175284,-22.966448,-23.4758775,-11.61736
44,C001053,tomcoleok04,Tom Cole,M,rep,Republican,OK-04,4.0,1.0,1.0,1,R,R,D,"76,472","204,143",-0.927027,1.490305,0.890323,,,,1.97872,,1.15957
45,C001062,conawaytx11,K. Michael Conaway,M,rep,Republican,TX-11,11.0,1.0,1.0,1,R,R,L,"23,677","201,871",,,,,,,,,
46,C001078,gerryconnolly,Gerald E. Connolly,M,rep,Democrat,VA-11,11.0,1.0,1.0,0,D,D,Write in,"34,185","247,818",-0.422923,-2.58593933333,-2.944582,-1.42232233333,-0.822362,-1.31303333333,-2.395008,-1.74913,-0.8131765
47,C000714,repjohnconyers,John Conyers Jr.,M,rep,Democrat,MI-13,1.0,1.0,1.0,1,D,D,R,"40,541","198,771",-45.93528,-2.13879553333,-23.2408633333,-27.2205933333,-0.994653,-1.02655,,-22.07857,
48,C000754,repjimcooper,Jim Cooper,M,rep,Democrat,TN-05,4.0,1.0,1.0,1,D,D,R,"102,433","171,111",-6.70001,-8.67158,-9.96679,-24.05314,-1.01205935,-1.04192333333,,-4.69565,
49,C001059,repjimcosta,Jim Costa,M,rep,Democrat,CA-16,20.0,1.0,1.0,1,D,D,R,"70,483","97,473",-1.859375,-23.0255,-0.38201,-17.810997,-0.9065885,-1.391505,-30.8571,,-3.480705
50,C001069,repjoecourtney,Joe Courtney,M,rep,Democrat,CT-02,2.0,1.0,1.0,1,D,D,R,"111,149","208,818",-51.782812,-56.226165,-18.3137332,-1.60956425,-1.7714785,-3.13519666667,-0.017029298775,-3.3892,-21.830563
51,C000880,mikecrapo,Mike Crapo,M,rep,Republican,ID,2.0,1.0,1.0,1,R,R,D,"188,249","449,017",-2.9669216,7.06991142857,2.2891315,2.91163,1.81356,3.97712,2.62896066667,0.977778,2.00900333333
52,C001087,reprickcrawford,"Eric A. ""Rick"" Crawford",M,rep,Republican,AR-01,1.0,1.0,1.0,1,R,R,L,"57,181","183,866",-1.03017,4.39728,1.829157,6.45294666667,1.90678,1.314195,,,
53,C001038,repjoecrowley,Joseph Crowley,M,rep,Democrat,NY-14,7.0,1.0,1.0,1,D,D,R,"30,545","147,587",-56.2635633333,-98.1913981667,-65.654566,-49.6814641,-32.73062,-65.1529,-55.3582,-33.45622,-43.6505
54,C001063,repcuellar,Henry Cuellar,M,rep,Democrat,TX-28,28.0,1.0,1.0,1,D,D,R,"57,740","122,086",,-3.032165,-3.18323333333,-0.949153,,,-0.52690859755,,
55,C001048,congculberson,John Abney Culberson,M,rep,Republican,TX-07,7.0,1.0,1.0,1,R,R,D,"111,991","143,542",2.04935525,16.4496653333,,5.953135,0.90678,3.147655,1.95325,13.0385,9.486985
56,C000984,repcummings,Elijah E. Cummings,M,rep,Democrat,MD-07,7.0,1.0,1.0,1,D,D,R,"69,556","238,838",-23.2187321667,-35.4268466667,-53.1246833333,-33.46946,-14.6471985,-21.3398,-47.067,-34.1922,-2.1639005
57,D000096,repdannydavis,Danny K. Davis,M,rep,Democrat,IL-07,7.0,1.0,1.0,1,D,D,R,"46,882","250,584",,,,-0.0821828,,,,,-2.357615
58,D000598,repsusandavis,Susan A. Davis,F,rep,Democrat,CA-53,49.0,1.0,1.0,1,D,D,R,"97,968","198,988",0.22791073,-59.74498,-0.7993,,-1.131068,-27.60893515,-2.02151,-3.82214333333,-40.9482
59,D000191,reppeterdefazio,Peter A. DeFazio,M,rep,Democrat,OR-04,4.0,1.0,1.0,1,D,D,R,"157,743","220,628",-0.927027,-5.43479,-4.49276,-16.9739,,,-0.619403333333,,
60,D000197,repdianadegette,Diana DeGette,F,rep,Democrat,CO-01,1.0,1.0,1.0,1,D,D,R,"105,030","257,254",-32.2668694,-42.6534228571,-46.286252,-24.21749614,-15.3802625,-15.5610633333,-50.6292,-1.706645,-68.523
61,D000216,rosadelauro,Rosa L. DeLauro,F,rep,Democrat,CT-03,3.0,1.0,1.0,1,D,D,R,"95,786","213,572",-55.30362,-118.86866,-65.83605,-41.263945,-32.9637,-70.5303666667,-36.0067666667,-49.3919,-53.181675
62,D000612,repjeffdenham,Jeff Denham,M,rep,Republican,CA-10,19.0,1.0,1.0,1,R,R,D,"116,470","124,671",4.20758666667,2.83466166667,2.157363,1.73824025,1.72573333333,6.422945,1.77115866667,0.0573318,4.92254666667
63,D000616,desjarlaistn04,Scott DesJarlais,M,rep,Republican,TN-04,4.0,1.0,1.0,1,R,R,D,"89,141","165,796",2.0081132,6.36058,2.063235,,1.675186,9.51913913,3.86857666667,9.97991666667,8.36727333333
64,D000610,repteddeutch,Theodore E. Deutch,M,rep,Democrat,FL-22,19.0,1.0,1.0,1,D,D,R,"138,737","199,113",-18.345085,-35.4429364,-8.6338412,-3.01548325,1.94683925,-4.86161466667,-1.449439,-1.921765,-11.7875303333
65,D000600,mariodb,Mario Diaz-Balart,M,rep,Republican,FL-25,25.0,1.0,1.0,1,R,R,D,"95,319","157,921",1.30864966667,1.029578,5.74535666667,3.8566017,4.339394,6.593705,4.584854,1.7518892,7.37116833333
66,D000399,replloyddoggett,Lloyd Doggett,M,rep,Democrat,TX-35,10.0,1.0,1.0,1,D,D,R,"62,384","124,612",-1.37229,-55.3711666667,-0.801169,-27.990445,-14.4665,-9.240926,-59.5321,-20.3583,-34.203114
67,D000482,usrepmikedoyle,Michael F. Doyle,M,rep,Democrat,PA-14,18.0,1.0,1.0,1,D,D,R,"87,999","255,293",,-142.917,-1.560995,,,,-1.01075,,-7.22105
68,D000614,repseanduffy,Sean P. Duffy,M,rep,Republican,WI-07,7.0,1.0,1.0,1,R,R,D,"138,643","223,418",5.45044123,7.06345,1.89010772333,5.57419,1.508405,2.17392,7.212314,0.756381666667,
69,D000615,repjeffduncan,Jeff Duncan,M,rep,Republican,SC-03,3.0,1.0,1.0,1,R,R,D,"72,933","196,325",3.04595333333,11.29753625,2.86274,4.795745,,3.85153533333,2.885645,2.517688,6.11293333333
70,D000533,repjohnduncanjr,John J. Duncan Jr.,M,rep,Republican,TN-02,2.0,1.0,1.0,1,R,R,D,"68,401","212,455",0.694593,4.55057,0.272246666667,,1.0,,,,
71,E000288,keithellison,Keith Ellison,M,rep,Democrat,MN-05,5.0,1.0,1.0,1,D,D,R,"80,660","249,964",-3.2186025,-7.811524,-6.1983425,-30.9232685,-2.25898666667,-3.08552,-2.0714698,-1.766465,-2.765605
72,E000179,repeliotengel,Eliot L. Engel,M,rep,Democrat,NY-16,19.0,1.0,1.0,1,D,D,PC,"11,825","209,857",-33.3169701429,-50.3647234286,-18.6940583333,-24.950928,-25.0661125,-15.574002,-10.3945,-18.8783943333,-30.29535525
73,E000215,repannaeshoo,Anna G. Eshoo,F,rep,Democrat,CA-18,14.0,1.0,1.0,1,D,D,R,"93,470","230,460",-0.927027,-36.8824,,,,,,,-25.3574
74,F000460,farenthold,Blake Farenthold,M,rep,Republican,TX-27,27.0,1.0,1.0,1,R,R,D,"88,329","142,251",2.616645,4.29629516667,2.53552883333,1.65429233333,1.01681,,1.273282,2.882793,
75,F000459,repchuck,"Charles J. ""Chuck"" Fleischmann",M,rep,Republican,TN-03,3.0,1.0,1.0,1,R,R,D,"76,727","176,613",0.578167666667,3.23154666667,4.56565,0.996661,0.333333,,1.50415733333,0.7435588,-1.36815
76,F000461,repbillflores,Bill Flores,M,rep,Republican,TX-17,17.0,1.0,1.0,1,R,R,D,"86,603","149,417",14.664725,10.9657175,1.670367,4.7881125,17.92985,2.787425,7.29907,12.49202,11.865285
77,F000449,jefffortenberry,Jeff Fortenberry,M,rep,Republican,NE-01,1.0,1.0,1.0,1,R,R,D,"83,467","189,771",,0.650602,,,,,,,
78,F000450,virginiafoxx,Virginia Foxx,F,rep,Republican,NC-05,5.0,1.0,1.0,1,R,R,D,"147,887","207,625",1.93421,7.6366,5.090665,15.1569706667,1.01681,,,3.64912,
79,F000448,reptrentfranks,Trent Franks,M,rep,Republican,AZ-08,2.0,1.0,1.0,1,R,R,G,"93,954","204,942",1.665319872,,5.61036,12.6722,,0.909836,,10.7116,
80,F000372,usreprodney,Rodney P. Frelinghuysen,M,rep,Republican,NJ-11,11.0,1.0,1.0,1,D,D,R,"130,162","194,299",1.90977416667,2.80056,1.7269576,2.72142033333,0.901988,1.01619866667,1.8469805,0.805326333333,10.3284436667
81,F000455,repmarciafudge,Marcia L. Fudge,F,rep,Democrat,OH-11,11.0,1.0,1.0,1,D,D,R,"59,769","242,917",-11.885584,-12.306335,-35.492936,-19.87503751,-6.488253892,-13.79045,-33.1985425,-14.15363,-39.668815
82,G000559,repgaramendi,John Garamendi,M,rep,Democrat,CA-03,10.0,1.0,1.0,1,D,D,R,"104,453","152,513",-1.0651865,-31.2997,-2.29206,,-1.095738,-1.06667,,-2.4206475,-1.01042
83,G000563,repbobgibbs,Bob Gibbs,M,rep,Republican,OH-07,18.0,1.0,1.0,1,R,R,D,"89,638","198,221",7.1224975,1.468802,-0.00438714,10.35815925,2.0,,,0.912281,
84,G000552,replouiegohmert,Louie Gohmert,M,rep,Republican,TX-01,1.0,1.0,1.0,1,R,R,D,"62,847","192,434",1.81380833333,9.833726,4.510191,7.0503425,1.77999333333,5.8219536,1.605495,8.7255844,4.36773166667
85,G000289,repgoodlatte,Bob Goodlatte,M,rep,Republican,VA-06,6.0,1.0,1.0,1,R,R,D,"112,170","225,471",9.56565,5.7631438,19.6871033333,13.93544,6.563406,5.10603,1.041311,9.63120656714,2.4579025
86,G000565,repgosar,Paul A. Gosar,M,rep,Republican,AZ-04,1.0,1.0,1.0,1,R,R,D,"81,296","203,487",,4.241765,2.8036318,0.953125,,,2.80825,2.39024,2.54293
87,G000566,tgowdysc,Trey Gowdy,M,rep,Republican,SC-04,4.0,1.0,1.0,1,R,R,D,"91,676","198,648",1.37997,24.362623,5.71788,6.41717666667,,,,1.35278,1.4642355
88,G000377,repkaygranger,Kay Granger,F,rep,Republican,TX-12,12.0,1.0,1.0,1,R,R,D,"76,029","196,482",,,,,,,,,
89,G000386,chuckgrassley,Chuck Grassley,M,rep,Republican,IA,3.0,1.0,1.0,1,R,R,D,"549,460","926,007",,0.688525,1.22807,1.193205,0.90678,3.1876716,0.983485333333,0.796748,1.1632105
90,G000546,repsamgraves,Sam Graves,M,rep,Republican,MO-06,6.0,1.0,1.0,1,R,R,D,"99,692","238,388",1.37997,27.12345,,5.78255,11.1849,,,12.16665,
91,G000560,reptomgraves,Tom Graves,M,rep,Republican,GA-14,9.0,1.0,1.0,1,R,R,NONE,0,"216,743",0.965604166667,17.3556425,6.2691245,14.78745,5.436105,3.965566,,1.5,1.33673
92,G000553,repalgreen,Al Green,M,rep,Democrat,TX-09,9.0,1.0,1.0,1,D,D,R,"36,491","152,032",-1.37229,-1.302855,-14.6471,-4.30556,1.4797965,,,,
93,G000410,repgenegreen,Gene Green,M,rep,Democrat,TX-29,29.0,1.0,1.0,1,D,D,R,"31,646","95,649",-4.41448,-6.61044,-0.00219357,-5.714955,-1.5562431456,,-1.01075,,
94,G000568,repmgriffith,H. Morgan Griffith,M,rep,Republican,VA-09,9.0,1.0,1.0,1,R,R,D,"87,877","212,838",0.852349,,,,,,,,
95,G000551,repraulgrijalva,Raúl M. Grijalva,M,rep,Democrat,AZ-03,7.0,1.0,1.0,0,D,D,write in,"2,062","148,973",-25.184695,-66.1436433333,-30.57614,-10.38861525,-19.4615,,-18.3636143333,,-19.1414305
96,G000558,repguthrie,Brett Guthrie,M,rep,Republican,KY-02,2.0,1.0,1.0,0,R,R,NONE,0,"251,825",20.8955,4.42623,,,-0.15265,,,,
97,G000535,luisgutierrez,Luis V. Gutiérrez,M,rep,Democrat,IL-04,4.0,1.0,1.0,0,D,D,NONE,0,"171,297",,,,,,,,,
98,H001045,greggharper,Gregg Harper,M,rep,Republican,MS-03,3.0,1.0,1.0,1,R,R,D,"96,101","209,490",1.7047,0.000891266,,2.40476,2.33952,1.94828,,,1.15957
99,H001052,repandyharrismd,Andy Harris,M,rep,Republican,MD-01,1.0,1.0,1.0,1,R,R,D,"103,622","242,574",0.528073,8.67166,1.9085,2.55605,,1.09709,1.89796,2.25,22.9429
100,H001053,rephartzler,Vicky Hartzler,F,rep,Republican,MO-04,4.0,1.0,1.0,1,R,R,D,"92,510","225,348",2.331877,15.0098793333,12.60979,15.9302271429,6.861315,6.62530266667,1.72727,16.63846,10.0460094
101,H000324,rephastingsfl,Alcee L. Hastings,M,rep,Democrat,FL-20,23.0,1.0,1.0,1,D,D,R,"54,646","222,914",,,,-43.46515,-29.7757,-43.9901,-30.8571,-30.68355,-14.55736
102,H001036,rephensarling,Jeb Hensarling,M,rep,Republican,TX-05,5.0,1.0,1.0,1,R,R,L,"37,406","155,469",12.34627,12.1387,0.968933333333,2.28547,10.8814,14.5574,,0.84608,
103,H001056,herrerabeutler,Jaime Herrera Beutler,F,rep,Republican,WA-03,3.0,1.0,1.0,1,R,R,D,"119,820","193,457",,,,,0.235718,,,,
104,H001038,repbrianhiggins,Brian Higgins,M,rep,Democrat,NY-26,27.0,1.0,1.0,1,D,D,R,"73,377","215,289",-5.5334046,-50.6681205,-1.48359666667,-14.4074245,-2.014159,-3.261025,-0.12520075,-2.411525,-0.4554886325
105,H001047,jahimes,James A. Himes,M,rep,Democrat,CT-04,4.0,1.0,1.0,1,D,D,R,"125,724","187,811",-3.37633666667,-16.045672,-6.8367175,-13.371101,-2.802834,-6.16916333333,-1.73515466667,-2.695725,-2.10026335
106,H001061,senjohnhoeven,John Hoeven,M,sen,Republican,ND,,1.0,1.0,1,R,R,D,"58,116","268,788",,2.333365,0.539624,0.45875265,2.450534,2.18540833333,3.027605,4.51297,2.63368
107,H000874,whiphoyer,Steny H. Hoyer,M,rep,Democrat,MD-05,5.0,1.0,1.0,1,D,D,R,"105,931","242,989",-53.8948078333,-96.18074,-60.31571,-57.365228,-28.156915,-65.73775,-36.0067666667,-48.123075,-64.2186
108,H001058,rephuizenga,Bill Huizenga,M,rep,Republican,MI-02,2.0,1.0,1.0,1,R,R,D,"110,391","212,508",5.573604,1.080827,6.8201615,5.244235,4.72727,6.81897,9.598635,,
109,H001059,rephultgren,Randy Hultgren,M,rep,Republican,IL-14,14.0,1.0,1.0,1,R,R,D,"137,589","200,508",6.98519,6.38434333333,3.93454428571,1.879611886,3.043847825,1.26143,1.601934,7.6324718,14.7863625
110,I000055,senatorisakson,Johnny Isakson,M,rep,Republican,GA,6.0,1.0,1.0,1,R,R,D,"1,599,726","2,135,806",4.10554333333,16.5180433333,2.06887,5.15622,2.5619832,5.99533,1.16667,1.7346705,
111,I000056,darrellissa,Darrell E. Issa,M,rep,Republican,CA-49,48.0,1.0,1.0,1,R,R,R,"154,267","155,888",,6.615326,1.78065,,,,,0.421653,1.25913
112,J000032,jacksonleetx18,Sheila Jackson Lee,F,rep,Democrat,TX-18,18.0,1.0,1.0,1,D,D,R,"48,306","150,157",-71.330952,-77.61235,-92.246725,-67.055025,1.06785,-60.8100666667,-21.99679,-32.05129,-45.03444625
113,J000290,replynnjenkins,Lynn Jenkins,F,rep,Republican,KS-02,2.0,1.0,1.0,1,R,R,D,"96,840","181,228",4.99081666667,16.4496653333,8.015185,7.74898066667,0.843987666667,9.32738,,14.1668,
114,J000292,repbilljohnson,Bill Johnson,M,rep,Republican,OH-06,6.0,1.0,1.0,1,R,R,D,"88,780","213,975",3.22191033333,1.0303,4.13508,8.150629575,,7.32405,2.01258,0.047684,0.296599
115,J000126,repebj,Eddie Bernice Johnson,F,rep,Democrat,TX-30,30.0,1.0,1.0,1,D,D,R,"41,518","170,502",-41.81952,-5.82353,-63.9979225,-54.414,-31.53605,-44.61285,-36.890325,-4.70895666667,-107.64
116,J000288,rephankjohnson,"Henry C. ""Hank"" Johnson Jr.",M,rep,Democrat,GA-04,4.0,1.0,1.0,1,D,D,R,"70,593","220,146",-60.973338,-124.5044,-60.0452283333,-57.8110168333,-30.2111333333,-60.520325,-29.3012,-33.1817775,-62.3458
117,J000174,samspressshop,Sam Johnson,M,rep,Republican,TX-03,3.0,1.0,1.0,1,R,R,D,"109,420","193,684",,,1.275,,0.404196,,,,
118,J000255,repwalterjones,Walter B. Jones,M,rep,Republican,NC-03,3.0,1.0,1.0,1,R,R,D,"106,170","217,531",1.42218,6.6859635,3.12802,-0.024556,7.25424,9.27838,,,
119,J000289,jim_jordan,Jim Jordan,M,rep,Republican,OH-04,4.0,1.0,1.0,1,R,R,D,"98,981","210,227",,6.37047,8.2794305,21.089645,,3.56478,,27.4287466667,
120,K000009,repmarcykaptur,Marcy Kaptur,F,rep,Democrat,OH-09,9.0,1.0,1.0,1,D,D,R,"88,427","193,966",-5.069555,-1.17963571429,-1.555755828,-1.8529,-1.652541,-1.82301,-0.5051765875,-2.70833,-4.3913
121,K000375,usrepkeating,William R. Keating,M,rep,Democrat,MA-09,10.0,1.0,1.0,1,D,D,R,"127,803","211,790",-2.22471725,0.0676966666667,-0.905202,,-0.967118333333,-4.3964,-0.848739,-2.21945,-0.748092
122,K000376,mikekellypa,Mike Kelly,M,rep,Republican,PA-03,3.0,1.0,1.0,0,R,R,NONE,"244,893","271,098",2.2778418,4.42623,14.582,14.4032666667,5.495695,4.17208333333,2.39391666667,25.0222333333,2.90816
123,K000188,repronkind,Ron Kind,M,rep,Democrat,WI-03,3.0,1.0,1.0,0,D,D,Write in,169,"257,401",,-4.85294,-1.04795,,,,,,-2.06316
124,K000210,reppeteking,Peter T. King,M,rep,Republican,NY-02,3.0,1.0,1.0,1,R,R,D,"110,938","181,506",0.024945,,4.34754,0.154969,1.08108,-0.785395,1.023806,,1.15957
125,K000362,stevekingia,Steve King,M,rep,Republican,IA-04,5.0,1.0,1.0,1,R,R,D,"142,993","226,719",0.884615,,,1.05893,,-1.223405,,,
126,K000378,repkinzinger,Adam Kinzinger,M,rep,Republican,IL-16,11.0,1.0,1.0,0,R,R,write in,131,"259,722",1.44181,10.1564942857,9.208555,13.0397955,8.86758333333,10.9574425,5.82902428571,17.1991914,15.98831
127,K000360,senatorkirk,Mark Kirk,M,rep,Republican,IL,10.0,1.0,0.0,1,R,D,R,"2,184,692","3,012,940",3.650122,2.9924,5.37932,3.88207778,2.53849166667,4.540435,2.69125183333,1.17521166667,2.1654476
128,L000573,raul_labrador,Raúl R. Labrador,M,rep,Republican,ID-01,1.0,1.0,1.0,1,R,R,D,"113,052","242,252",,,,,1.01681,,,,
129,L000564,repdlamborn,Doug Lamborn,M,rep,Republican,CO-05,5.0,1.0,1.0,1,R,R,D,"111,676","225,445",5.9655952,11.693546,6.1418,13.3438098,9.58053,2.528075,4.870545,0.41322795,13.4240702
130,L000567,replancenj7,Leonard Lance,M,rep,Republican,NJ-07,7.0,1.0,1.0,1,R,R,D,"148,188","185,850",8.19672,1.45643966667,4.13986,2.0797375,2.03362,,-0.00137152,1.5,14.5305455
131,L000559,jimlangevin,James R. Langevin,M,rep,Democrat,RI-02,2.0,1.0,1.0,1,D,D,R,"70,301","133,108",-16.3493820133,-3.59220666667,-13.2171552,-5.4964875,-6.59871756967,-1.59227566667,-5.788165,-2.9118498,-5.991306
132,L000575,senatorlankford,James Lankford,M,rep,Republican,OK,5.0,1.0,1.0,1,R,R,D,"355,911","980,892",0.40573,6.569222,4.71571333333,14.65216,6.4357075,4.05938666667,6.346202,15.318518,6.85167666667
133,L000560,repricklarsen,Rick Larsen,M,rep,Democrat,WA-02,2.0,1.0,1.0,1,D,D,R,"117,094","208,314",-1.21405,-182.703,-17.130765,-2.51025075,-18.43115,-4.880172,-1.8626675,-2.02123,-4.48879
134,L000557,repjohnlarson,John B. Larson,M,rep,Democrat,CT-01,1.0,1.0,1.0,1,D,D,R,"105,674","200,686",-35.96578675,-131.029,,,-0.7537385,,,,
135,L000566,boblatta,Robert E. Latta,M,rep,Republican,OH-05,5.0,1.0,1.0,1,R,R,D,"100,392","244,599",1.37997,9.67352666667,,,,0.974138,,,
136,L000174,senatorleahy,Patrick J. Leahy,M,sen,Democrat,VT,,1.0,1.0,1,D,D,R,"103,637","192,243",-64.2940775,-48.1622,-28.468984,-17.7596716667,-14.4188474,-7.1208675,-16.0462475,-12.162636,-5.84250666667
137,L000551,repbarbaralee,Barbara Lee,F,rep,Democrat,CA-13,9.0,1.0,1.0,1,D,D,R,"29,754","293,117",-55.1177316667,-101.1907,-61.78312,-65.83714,-31.7923408333,-18.2246812,-23.5261333333,-4.44029666667,-33.45146
138,L000577,senmikelee,Mike Lee,M,sen,Republican,UT,,1.0,1.0,1,R,R,D,"301,860","760,241",2.90131,5.600755,2.82876325,5.701645,9.97458,,,,0.439863
139,L000263,repsandylevin,Sander M. Levin,M,rep,Democrat,MI-09,17.0,1.0,1.0,1,D,D,R,"128,937","199,661",-66.2906333333,-125.779325,-58.4739,-23.19756,-28.9916,-60.0542,-44.24965,,-75.58555
140,L000287,repjohnlewis,John Lewis,M,rep,Democrat,GA-05,5.0,1.0,1.0,1,D,D,R,"46,768","253,781",-2.34646,-20.615115,-2.635349,-49.9906,-11.0090666667,-26.273275,,,-0.878261
141,L000563,replipinski,Daniel Lipinski,M,rep,Democrat,IL-03,3.0,1.0,1.0,0,D,D,write in,91,"225,320",-4.13604,2.57038,-4.71299,-3.76899666667,-4.5922,,-2.683471,-5.28478556667,-5.8682
142,L000554,replobiondo,Frank A. LoBiondo,M,rep,Republican,NJ-02,2.0,1.0,1.0,1,R,R,D,"110,838","176,338",1.545343,3.371634,0.295932602,1.191340335,2.12919,0.730976667667,1.340192,0.4500015,1.2899794
143,L000565,daveloebsack,David Loebsack,M,rep,Democrat,IA-02,2.0,1.0,1.0,1,D,D,R,"170,933","198,571",1.37997,1.14178,-1.222368,-4.72948666667,,,,,0.245202
144,L000397,repzoelofgren,Zoe Lofgren,F,rep,Democrat,CA-19,16.0,1.0,1.0,1,D,D,R,"64,061","181,802",-47.4659,,-48.6747,-37.6736,,,,,
145,L000576,usreplong,Billy Long,M,rep,Republican,MO-07,7.0,1.0,1.0,1,R,R,D,"92,756","228,692",18.2162375,21.992478,14.21881,24.450705,9.2356954,6.76567,1.77883888,21.62738275,27.179025
146,L000480,nitalowey,Nita M. Lowey,F,rep,Democrat,NY-17,20.0,1.0,1.0,0,D,D,NONE,0,"214,530",-1.29884033333,-215.463,-39.0497,-6.69917,,-11.493604,-1.08432,-3.0432395,-18.5108675
147,L000491,repfranklucas,Frank D. Lucas,M,rep,Republican,OK-03,6.0,1.0,1.0,1,R,R,D,"63,090","227,525",,,,,,,,,
148,L000569,repblainepress,Blaine Luetkemeyer,M,rep,Republican,MO-03,9.0,1.0,1.0,1,R,R,D,"102,891","249,865",6.0062275,16.231292,9.28160666667,18.5298766667,4.87174,11.7561,1.172445,5.29675,7.97029443615
149,L000570,repbenraylujan,Ben Ray Luján,M,rep,Democrat,NM-03,3.0,1.0,1.0,1,D,D,R,"102,730","170,612",,-22.1736073333,-62.4826,,-0.966387,,,,
150,L000562,repstephenlynch,Stephen F. Lynch,M,rep,Democrat,MA-08,9.0,1.0,1.0,1,D,D,R,"102,744","271,019",-2.81029233333,-5.182946,-4.09254720467,-1.9086026,-0.028194,-3.7573,-4.194588,-3.9324975,-1.37826
151,M000087,repmaloney,Carolyn B. Maloney,F,rep,Democrat,NY-12,14.0,1.0,1.0,1,D,D,R,"49,398","244,358",-49.4737466667,-17.877552,-7.64772042,-27.5835516667,-9.19747,-21.9196,-35.707015,-33.3554275,-47.41255
152,M001158,repkenmarchant,Kenny Marchant,M,rep,Republican,TX-24,24.0,1.0,1.0,1,R,R,D,"108,389","154,845",-0.927027,7.04972,,,,,,,
153,M001179,reptommarino,Tom Marino,M,rep,Republican,PA-10,10.0,1.0,1.0,1,R,R,D,"89,823","211,282",2.5538586,13.6308725,3.43167875,3.763189,6.33333,5.976935,0.9691425,17.1976868688,4.38653333333
154,M001163,dorismatsui,Doris O. Matsui,F,rep,Democrat,CA-06,5.0,1.0,1.0,1,D,D,R,"57,848","177,565",-35.5337528333,-72.72165,-27.6296633333,-11.898396,-28.6667,-71.5648666667,-11.2711196667,-16.122514,-58.7177
155,M000303,senjohnmccain,John McCain,M,rep,Republican,AZ,1.0,1.0,1.0,1,R,R,D,"1,031,245","1,359,267",9.477244,8.49740166667,9.703385,9.49681,8.694984,6.750135,5.5910564,12.636393,8.55804525
156,M001165,gopleader,Kevin McCarthy,M,rep,Republican,CA-23,22.0,1.0,1.0,1,R,R,D,"74,468","167,116",8.27564775,5.89907175,4.92382,18.64552,,1.584154,9.124135,8.64044,
157,M001157,repmccaul,Michael T. McCaul,M,rep,Republican,TX-10,10.0,1.0,1.0,1,R,R,D,"120,170","179,221",8.9792262,14.15039,4.78602533333,3.550267,2.996056,7.597065,2.47190266667,3.78578425,8.0110562
158,M001177,repmcclintock,Tom McClintock,M,rep,Republican,CA-04,4.0,1.0,1.0,1,R,R,D,"130,845","220,133",0.967105,,,,,,,,
159,M001143,bettymccollum04,Betty McCollum,F,rep,Democrat,MN-04,4.0,1.0,1.0,1,D,D,R,"121,032","203,299",-56.669016,-119.88476,-67.1729,-59.540265,-27.9957983333,-33.955595,-4.8796734,-33.0806325,-56.5287
160,M000312,repmcgovern,James P. McGovern,M,rep,Democrat,MA-02,3.0,1.0,1.0,1,D,D,write in,"4,924","275,487",-50.8411024286,-63.4898142857,-50.4269742857,-39.45292,-37.96792,-35.509945,-2.2286888,-21.323734,-19.0612
161,M001156,patrickmchenry,Patrick T. McHenry,M,rep,Republican,NC-10,10.0,1.0,1.0,1,R,R,D,"128,919","220,825",7.0897715,16.883852,6.7425875,6.26919,2.5923929164,2.1303292,2.34524,8.8219905,5.508674
162,M001180,repmckinley,David B. McKinley,M,rep,Republican,WV-01,1.0,1.0,1.0,1,R,R,D,"73,534","163,469",7.30680142857,12.0828333333,6.56714666667,7.95375944,4.85593688333,7.62006,3.8388855,22.16854,23.35788
163,M001159,cathymcmorris,Cathy McMorris Rodgers,F,rep,Republican,WA-05,5.0,1.0,1.0,1,R,R,D,"130,575","192,959",7.926215,3.1412825,8.87357,13.830632,1.0,7.8238125,3.7478775,11.442992,10.5544004286
164,M001166,repmcnerney,Jerry McNerney,M,rep,Democrat,CA-09,11.0,1.0,1.0,1,D,D,R,"98,992","133,163",-1.74588183333,-40.0329836,-5.021515,-1.5193996,-1.75747233333,-1.0855525,-2.10752,-4.49240666667,-4.5281584
165,M001181,repmeehan,Patrick Meehan,M,rep,Republican,PA-07,7.0,1.0,1.0,1,R,R,D,"153,824","225,678",2.089795,1.355606,,1.68547666667,4.13912,4.46835433333,1.17822,13.0385,
166,M001137,gregorymeeks,Gregory W. Meeks,M,rep,Democrat,NY-05,6.0,1.0,1.0,1,D,D,R,"30,312","199,815",-36.36743475,-27.610848,-7.18675666667,-11.865638,-0.64122,-8.3582175,-29.2454695,-39.4615,-13.87704
167,M000702,senatorbarb,Barbara A. Mikulski,F,rep,Democrat,MD,3.0,0.0,0.0,0,D,D,R,"972,557","1,659,907",,-6.19353,,,,-0.911504,-0.865494,,-29.1756
168,M001160,repgwenmoore,Gwen Moore,F,rep,Democrat,WI-04,4.0,1.0,1.0,1,D,D,I,"33,494","220,181",-15.4942825,-51.763106,-12.663022,-13.260966,-1.156932,-1.90537,-1.842651,-22.64295,1.2850675
169,M000934,jerrymoran,Jerry Moran,M,rep,Republican,KS,1.0,1.0,1.0,1,R,R,D,"379,740","732,376",1.04165,10.5681655,2.57468,2.13052,0.961795,5.03977333333,1.75578,0.584122,1.33673
170,M001182,repmickmulvaney,Mick Mulvaney,M,rep,Republican,SC-05,5.0,1.0,1.0,1,R,R,D,"105,772","161,669",4.83552,,,,,,,,
171,M001153,lisamurkowski,Lisa Murkowski,F,sen,Republican,AK,,1.0,1.0,1,R,R,D,36200,138149,2.20416,6.04440666667,1.9085,4.19160033333,1.28128,,1.36479,0.805326333333,-1.36815
172,M001151,reptimmurphy,Tim Murphy,M,rep,Republican,PA-18,18.0,1.0,1.0,1,R,R,NONE,0,"293,684",5.071618,7.85658833333,8.56347,7.747134,2.1385094,5.608805,4.2903575,4.03942866667,6.0584285
173,M001111,pattymurray,Patty Murray,F,sen,Democrat,WA,,1.0,1.0,1,D,D,R,"1,329,338","1,913,979",-30.0196416667,-33.7356075,-4.2336092,-13.75903,-8.47636,-8.41456,-14.3160025,-4.374875,-41.8931
174,N000002,repjerrynadler,Jerrold Nadler,M,rep,Democrat,NY-10,17.0,1.0,1.0,1,D,D,R,"53,857","192,371",-15.8630785,,-14.84869,-5.2459,,,-1.01075,-3.1569985,
175,N000179,gracenapolitano,Grace F. Napolitano,F,rep,Democrat,CA-32,34.0,1.0,1.0,1,D,D,D,"71,720","114,926",-24.307293,-77.6745,-13.165965,-51.48,-27.0,-43.9901,-35.2584725,-3.52174,-47.3974
176,N000015,reprichardneal,Richard E. Neal,M,rep,Democrat,MA-01,2.0,1.0,1.0,1,D,D,I,"57,504","235,803",,,,-1.07639,-3.3084,-0.00446758,,-2.29751082,-1.75652
177,N000184,repkristinoem,Kristi L. Noem,F,rep,Republican,SD-AL,0.0,1.0,1.0,1,R,R,D,"132,810","237,163",3.14480125,2.66855066667,1.684848,1.27877,2.08301666667,2.379204,2.7482,10.3323126667,3.385985
178,N000181,rep_devinnunes,Devin Nunes,M,rep,Republican,CA-22,21.0,1.0,1.0,1,R,R,D,"76,211","158,755",,,,0.801587,,,,,
179,O000168,reppeteolson,Pete Olson,M,rep,Republican,TX-22,22.0,1.0,1.0,1,R,R,D,"123,679","181,864",4.542934,13.18787,8.22921142857,11.2352142857,8.66976833333,9.422234,2.1876355,13.3857048571,17.8188985714
180,P000601,congpalazzo,Steven M. Palazzo,M,rep,Republican,MS-04,4.0,1.0,1.0,1,R,R,D,"77,505","181,323",2.77932,,-1.05234,16.8333,,0.909836,0.989362,1.10709266667,
181,P000034,frankpallone,Frank Pallone Jr.,M,rep,Democrat,NJ-06,6.0,1.0,1.0,1,D,D,R,"91,908","167,895",-8.5885123585,-151.12476,-25.066625,-23.365505,-9.5406704,-19.15152,-15.81807692,-3.29182333333,-6.9978205
182,P000096,billpascrell,Bill Pascrell Jr.,M,rep,Democrat,NJ-09,8.0,1.0,1.0,1,D,D,R,"65,376","162,642",-2.87143,-2.62381,-2.353348,-2.33789666667,,-1.02655,,-1.33333,-17.9542
183,P000594,reperikpaulsen,Erik Paulsen,M,rep,Republican,MN-03,3.0,1.0,1.0,1,R,R,D,"169,243","223,077",1.1161595,0.730498933333,1.87236733333,0.9329385,1.12083333333,-0.180410666667,3.778814,6.89425,0.2088765
184,P000588,repstevepearce,Stevan Pearce,M,rep,Republican,NM-02,2.0,1.0,1.0,1,R,R,D,"85,232","143,514",3.97044166667,14.041798,6.9936470965,7.78283666667,2.42904,6.83267,0.989305,1.27493933333,2.31914
185,P000197,nancypelosi,Nancy Pelosi,F,rep,Democrat,CA-12,5.0,1.0,1.0,1,D,D,I,"64,810","274,035",-46.9754528333,-91.8447825,-30.7531971429,-59.847376,-19.4953531429,-52.534182,-29.355015,-47.384625,-45.23014
186,P000593,repperlmutter,Ed Perlmutter,M,rep,Democrat,CO-07,7.0,1.0,1.0,1,D,D,R,"144,066","199,758",-5.230053,-87.3970175,-9.46421133333,-5.37781,-7.7944174,-28.72085,-37.3208533333,-11.355777324,-40.92131
187,P000597,chelliepingree,Chellie Pingree,F,rep,Democrat,ME-01,1.0,1.0,1.0,1,D,D,R,"164,569","227,546",-0.478423959,-1.14123926675,0.00100234,-3.23189452333,-0.6458539,-42.3153413333,-0.9010485,-0.55299331,-0.143404
188,P000592,judgetedpoe,Ted Poe,M,rep,Republican,TX-02,2.0,1.0,1.0,1,R,R,D,"100,231","168,692",3.56371333333,5.55474,0.974244,6.868245,,1.08696,,0.869231,
189,P000598,jaredpolis,Jared Polis,M,rep,Democrat,CO-02,2.0,1.0,1.0,1,D,D,R,"170,001","260,175",-2.16768,-1.12963,-0.905202,-9.08011,-0.654545,-5.57208666667,-3.35993,-2.343828,-2.48847366667
190,P000602,repmikepompeo,Mike Pompeo,M,rep,Republican,KS-04,4.0,1.0,1.0,1,R,R,D,"81,495","166,998",2.8284135,4.825435,6.2626,1.7807105,4.900255,6.71659,0.863636,1.393826,1.92066266667
191,P000449,senrobportman,Rob Portman,M,rep,Republican,OH,2.0,1.0,1.0,1,R,R,D,"1,996,908","3,118,567",5.18928333333,6.85227714286,4.67383585714,6.82072428571,6.47495571429,8.43484571429,6.21128857143,6.83143142857,7.73905571429
192,P000599,congbillposey,Bill Posey,M,rep,Republican,FL-08,15.0,1.0,1.0,1,R,R,D,"127,127","246,483",0.967105,,,,,,,,
193,P000523,repdavideprice,David E. Price,M,rep,Democrat,NC-04,4.0,1.0,1.0,1,D,D,R,"130,161","279,380",-75.52395,-122.7215,-33.9252385,-34.27175,-21.21338,0.55113,-0.0095584,-5.86957,-28.1043
194,P000591,reptomprice,Tom Price,M,rep,Republican,GA-06,6.0,1.0,1.0,1,R,R,D,"124,917","201,088",4.08967758,14.81317,3.254568,9.7586,5.5599572,7.7495325,9.66511066,24.722238,15.817444
195,Q000023,repmikequigley,Mike Quigley,M,rep,Democrat,IL-05,5.0,1.0,1.0,1,D,D,R,"86,222","212,842",-41.7622485714,-51.0195285714,-31.7939857143,-9.35721285714,-6.86390333333,-17.9831614286,-15.1818,-6.64267285714,-14.1625414286
196,R000585,reptomreed,Tom Reed,M,rep,Republican,NY-23,29.0,1.0,1.0,1,R,R,D,"118,584","161,050",-0.0255774,,,,,,1.16667,,
197,R000578,davereichert,David G. Reichert,M,rep,Republican,WA-08,8.0,1.0,1.0,1,R,R,D,"127,720","193,145",1.74934,9.6320338,4.17533,2.66052333333,4.60156333333,1.99900333333,3.28139333333,1.743487,8.20925
198,R000146,senatorreid,Harry Reid,M,rep,Democrat,NV,1.0,0.0,0.0,0,D,D,R,"495,079","521,994",-25.980025,,-2.0785,-25.2034633333,-2.20561,,,,-36.6565
199,R000586,repjimrenacci,James B. Renacci,M,rep,Republican,OH-16,16.0,1.0,1.0,1,R,R,D,"119,830","225,794",2.9692835,5.26548,,3.16935666667,1.60801,1.06938,1.982305,1.006105,
200,R000588,reprichmond,Cedric L. Richmond,M,rep,Democrat,LA-02,2.0,1.0,1.0,1,D,D,D,"57,125","198,289",-0.344025,-2.25926,-5.663235,0.129049,-26.0,-3.19672,,,
201,R000591,repmartharoby,Martha Roby,F,rep,Republican,AL-02,2.0,1.0,1.0,1,R,R,D,"112,089","134,886",0.7345055,23.5337,,1.518086,5.58405,,,,
202,R000582,drphilroe,David P. Roe,M,rep,Republican,TN-01,1.0,1.0,1.0,1,R,R,D,"39,024","198,293",11.307915,0.867052,5.31187333333,,5.660655,13.22,1.89796,24.69975,
203,R000395,rephalrogers,Harold Rogers,M,rep,Republican,KY-05,5.0,1.0,1.0,0,R,R,NONE,0,"221,242",,1.2798015,4.853386,,4.06724,,,26.4561,
204,R000575,repmikerogersal,Mike Rogers,M,rep,Republican,AL-03,3.0,1.0,1.0,1,R,R,D,"94,549","192,164",3.78845666667,1.0640355,1.7755485,2.7284025,1.1577,2.06181,2.73983,3.00028666667,4.42815
205,R000592,toddrokita,Todd Rokita,M,rep,Republican,IN-04,4.0,1.0,1.0,1,R,R,D,"91,256","193,412",3.874347,6.49085,2.56401033333,17.9830666667,3.17561,0.6502685,,1.26667975,5.30639175
206,R000583,tomrooney,Thomas J. Rooney,M,rep,Republican,FL-17,16.0,1.0,1.0,1,R,R,D,"115,974","209,348",,0.916522,,,,,,,
207,R000435,roslehtinen,Ileana Ros-Lehtinen,F,rep,Republican,FL-27,18.0,1.0,1.0,1,R,R,D,"129,760","157,917",4.08279428571,0.611435285714,8.65844666667,9.70609714286,7.50430571429,10.4315967143,4.49527,8.90167142857,8.91204285714
208,R000580,peterroskam,Peter J. Roskam,M,rep,Republican,IL-06,6.0,1.0,1.0,1,R,R,D,"143,591","208,555",12.403735,1.73443666667,4.0571025,14.91531986,4.13256333333,1.260029065,1.8308666,1.3312178,0.728107166667
209,R000593,repdennisross,Dennis A. Ross,M,rep,Republican,FL-15,12.0,1.0,1.0,1,R,R,D,"135,475","182,999",0.0565508,5.0990655,3.40307,25.5552197,1.68301,3.29127,,8.90055066667,5.79787
210,R000486,reproybalallard,Lucille Roybal-Allard,F,rep,Democrat,CA-40,33.0,1.0,1.0,1,D,D,I,"24,743","106,554",-0.808275333333,-38.978015,-3.08208,-21.7366242,-11.3578325,-15.498874,-3.97678666667,-3.25362,-31.951575
211,R000487,repedroyce,Edward R. Royce,M,rep,Republican,CA-39,39.0,1.0,1.0,1,R,R,D,"112,679","150,777",8.09355475,5.2880382,19.53734,4.280352,1.14528983333,3.5194276,1.938726,1.6958214,2.0280916
212,R000595,senrubiopress,Marco Rubio,M,sen,Republican,FL,,1.0,1.0,1,R,R,D,"4,122,088","4,835,191",-11.4059475,3.909112,-2.3395696,7.00312666667,9.12721833333,2.6602475,5.5489174,11.2947435,5.00063
213,R000576,call_me_dutch,C. A. Dutch Ruppersberger,M,rep,Democrat,MD-02,2.0,1.0,1.0,1,D,D,R,"102,577","192,183",-1.31258278,-4.76534333333,-3.12901333333,-1.57327019,-2.967365,-2.715476,-20.4666643333,-1.57663,-6.73282
214,R000515,repbobbyrush,Bobby L. Rush,M,rep,Democrat,IL-01,1.0,1.0,1.0,1,D,D,R,"81,817","234,037",,-270.786,-30.6797,-1.161955,,,,-8.6529,-1.89872
215,R000570,speakerryan,Paul D. Ryan,M,rep,Republican,WI-01,1.0,1.0,1.0,1,R,R,D,"107,003","230,072",10.3663404286,37.1344942857,20.4041842857,24.2639857143,18.33724,20.073905,23.9516,34.36625,31.17348
216,R000577,reptimryan,Tim Ryan,M,rep,Democrat,OH-13,17.0,1.0,1.0,1,D,D,R,"99,377","208,610",-0.957143,-97.59848,-26.6666,-4.76955666667,-2.56258,-3.83607,-11.3395,-1.14922175667,
217,S000030,lorettasanchez,Loretta Sanchez,F,rep,Democrat,CA-38,46.0,1.0,1.0,1,D,D,R,"68,524","163,590",-1.37524925,-4.5072466,-26.495005,-36.64735,-5.41892133333,-72.6684,-3.62521,,
218,S001168,repsarbanes,John P. Sarbanes,M,rep,Democrat,MD-03,3.0,1.0,1.0,1,D,D,R,"115,048","214,640",-0.957143,,,,-1.53487,,,-56.0,-1.384466
219,S001176,stevescalise,Steve Scalise,M,rep,Republican,LA-01,1.0,1.0,1.0,1,R,R,D,"41,840","243,645",12.777685,17.9932533333,11.20751,11.44858,12.882075,13.84255,10.1870333333,22.8333866667,20.3977014286
220,S001145,janschakowsky,Janice D. Schakowsky,F,rep,Democrat,IL-09,9.0,1.0,1.0,1,D,D,R,"109,550","217,306",-55.079386,-100.087024,-75.542575,-48.637775,-15.736113,-9.686710935,-18.4518405,-34.213818,-51.531684
221,S001150,repadamschiff,Adam B. Schiff,M,rep,Democrat,CA-28,27.0,1.0,1.0,1,D,D,R,"59,526","210,883",-0.5405235,-2.920504,,2.615491,-7.26101133333,-11.7333,,-0.837469185,-3.512809
222,S001180,repschrader,Kurt Schrader,M,rep,Democrat,OR-05,5.0,1.0,1.0,1,D,D,R,"160,443","199,505",-1.33969017067,,-1.94427,-1.89831,-5.92308,-11.087475,,,
223,S000148,senschumer,Charles E. Schumer,M,rep,Democrat,NY,16.0,1.0,1.0,1,D,D,R,"2,009,353","5,221,949",-74.9022225,-34.00054,-4.697625,-23.5411385,-1.90252983333,-3.1425408,-3.3363918,-1.3984175,-16.32383525
224,S001183,repdavid,David Schweikert,M,rep,Republican,AZ-06,5.0,1.0,1.0,1,R,R,D,"122,866","201,578",,,,,,,,,
225,S001189,austinscottga08,Austin Scott,M,rep,Republican,GA-08,8.0,1.0,1.0,1,R,R,D,"83,225","173,983",,4.932035,,1.06429,3.6757,6.0426,1.56161,,
226,S001157,repdavidscott,David Scott,M,rep,Democrat,GA-13,13.0,1.0,1.0,1,D,D,NONE,0,"252,833",,-3.14916,-2.53923666667,-13.413685,0.31313,,,,
227,S000185,repbobbyscott,"Robert C. ""Bobby"" Scott",M,rep,Democrat,VA-03,3.0,1.0,1.0,1,D,D,R,"103,289","208,337",,,,,,-1.06667,,,
228,S001184,senatortimscott,Tim Scott,M,rep,Republican,SC,1.0,1.0,1.0,1,R,R,D,"757,022","1,241,609",2.240078,11.9445136667,-0.298902,1.634652,11.6282694286,2.8522448,2.43056666667,1.5249344,0.731537333333
229,S000244,jimpressoffice,F. James Sensenbrenner Jr.,M,rep,Republican,WI-05,9.0,1.0,1.0,1,R,R,D,"114,477","260,706",,2.76,,0.929032,2.0,,,16.7317,0.969388
230,S000248,repjoseserrano,José E. Serrano,M,rep,Democrat,NY-15,18.0,1.0,1.0,1,D,D,R,"6,129","165,688",-1.76492,-31.3671836,-3.012005,-14.28934,-1.3534475,-71.8512,-2.6471125,-7.553275,-17.9542
231,S000250,petesessions,Pete Sessions,M,rep,Republican,TX-32,5.0,1.0,1.0,1,R,R,L,"43,490","162,868",2.58610333333,0.43178687,0.964412,5.27224333333,1.35613333333,1.378585,2.76936066667,18.57845,4.69034666667
232,S001185,repterrisewell,Terri A. Sewell,F,rep,Democrat,AL-07,7.0,1.0,1.0,0,D,D,write in,"3,698","229,330",-28.4196506,-5.467975,-9.397006,-25.65206,-33.79485,-4.59652,-2.16802,-32.6788425,-21.8838
233,S000320,senshelby,Richard C. Shelby,M,rep,Democrat,AL,7.0,1.0,1.0,1,R,R,D,"748,709","1,335,104",1.69191,1.0303,2.35135,1.06429,0.5692666,,,11.9259,
234,S000344,bradsherman,Brad Sherman,M,rep,Democrat,CA-30,24.0,1.0,1.0,1,D,D,R,"77,325","205,279",,-1.94118,,-5.38195,,,,,-0.748092
235,S000364,repshimkus,John Shimkus,M,rep,Republican,IL-15,20.0,1.0,1.0,0,R,R,NONE,0,"274,554",13.4322766667,9.95374,6.301625,14.3175995,13.4483666667,1.81967,11.5387033333,15.494175,23.2466
236,S001154,repbillshuster,Bill Shuster,M,rep,Republican,PA-09,9.0,1.0,1.0,1,R,R,D,"107,985","186,580",0.65347075,1.45512,1.37580033333,7.83061,1.03478,2.69239666667,1.17822,1.7037,2.00397
237,S001148,congmikesimpson,Michael K. Simpson,M,rep,Republican,ID-02,2.0,1.0,1.0,1,R,R,D,"95,940","205,292",1.69479,0.757014,1.076198,1.06429,2.42718,,0.989362,0.8329895,
238,S001165,repsires,Albio Sires,M,rep,Democrat,NJ-08,13.0,1.0,1.0,1,D,D,R,"32,337","134,733",,-41.4091,,,,-3.07965,-0.857143,,
239,S000480,louiseslaughter,Louise McIntosh Slaughter,F,rep,Democrat,NY-25,30.0,1.0,1.0,1,D,D,R,"142,650","182,950",-21.4431,-148.318,,-0.0115266,-11.18033,-0.911504,,-1.2551,-1.8226
240,S000510,repadamsmith,Adam Smith,M,rep,Democrat,WA-09,9.0,1.0,1.0,1,D,D,R,"76,317","205,165",0.291243,-7.1332,-5.71964,-3.5434166,,-4.3964,-0.857143,-21.40282,-62.0916
241,S001172,repadriansmith,Adrian Smith,M,rep,Republican,NE-03,3.0,1.0,1.0,1,R,R,NONE,0,"226,720",11.087512,2.133537,2.23237766667,5.782665,1.33105,4.714185,1.05825,33.191495,7.98586333333
242,S000522,repchrissmith,Christopher H. Smith,M,rep,Republican,NJ-04,4.0,1.0,1.0,1,R,R,D,"111,532","211,992",1.688006694,0.7948375,1.72170325,27.53535,1.06055766667,6.189615,0.880795056,2.87644,2.40207333333
243,S000583,lamarsmithtx21,Lamar Smith,M,rep,Republican,TX-21,21.0,1.0,1.0,1,R,R,D,"129,765","202,967",3.5787308,13.5842841667,6.255488,5.975221,2.639942,5.96438,1.05825,7.83113666667,0.989691
244,S001175,repspeier,Jackie Speier,F,rep,Democrat,CA-14,12.0,1.0,1.0,1,D,D,R,"54,817","231,630",-11.9578956667,-55.89367994,-6.948846,-2.58111716667,-15.6915,-2.60023666667,-14.0212585,-3.180455,-37.9938525
245,S001187,repstevestivers,Steve Stivers,M,rep,Republican,OH-15,15.0,1.0,1.0,1,R,R,D,"113,960","222,847",-1.0496182,5.49871733333,0.4699170365,1.70314,2.06957,3.01236485,2.30104666667,1.35084033333,5.3543902
246,T000193,benniegthompson,Bennie G. Thompson,M,rep,Democrat,MS-02,2.0,1.0,1.0,1,D,D,R,"83,542","192,343",,-1.21138,,,,-1.82301,,,
247,T000460,repthompson,Mike Thompson,M,rep,Democrat,CA-05,1.0,1.0,1.0,1,D,D,R,"67,565","224,526",-20.6811633333,-109.3894325,-28.8601735,-16.4584646,-13.6019371429,-21.5185466667,-13.304543,-1.90985666667,-19.175316
248,T000467,congressmangt,Glenn Thompson,M,rep,Republican,PA-05,5.0,1.0,1.0,1,R,R,D,"101,082","206,761",5.996984,12.96684,8.6092975,6.305415,5.5575,5.30556,6.935355,3.846574,5.32835
249,T000238,mactxpress,Mac Thornberry,M,rep,Republican,TX-13,13.0,1.0,1.0,1,R,R,L,"14,725","199,050",1.37997,1.0303,,,,,,,0.969388
250,T000250,senjohnthune,John Thune,M,rep,Republican,SD,0.0,1.0,1.0,1,R,R,D,"104,140","265,516",5.8552,1.254841,,3.23477,1.52778,1.09709,2.59091,25.0653,1.416897
251,T000462,tiberipress,Patrick J. Tiberi,M,rep,Republican,OH-12,12.0,1.0,1.0,1,R,R,D,"112,638","251,266",,,,,,,,,
252,T000470,reptipton,Scott R. Tipton,M,rep,Republican,CO-03,3.0,1.0,1.0,1,R,R,D,"150,914","204,220",7.5315566,8.769758,6.689888,4.9291055,7.640075,11.4156641745,1.981172,15.2701,2.31915
253,T000469,reppaultonko,Paul Tonko,M,rep,Democrat,NY-20,21.0,1.0,1.0,1,D,D,R,"100,738","213,021",-53.13188175,-111.50547,-42.5297083333,-5.4809494,-11.8295025,-3.870665,-4.28572,-2.66666,-5.24845
254,T000461,sentoomey,Patrick J. Toomey,M,rep,Republican,PA,15.0,1.0,1.0,1,R,R,D,"2,865,012","2,951,702",0.45084575,1.3403205,,1.73026043333,,5.79306566667,0.989362,19.26,2.122601
255,T000465,nikiinthehouse,Niki Tsongas,F,rep,Democrat,MA-03,5.0,1.0,1.0,1,D,D,R,"107,519","236,713",-24.9465433333,-46.6363594286,-10.197218,-23.8088,-10.6228961667,-21.8090693333,-13.60940675,-1.822025,-18.7013216667
256,T000463,repmiketurner,Michael R. Turner,M,rep,Republican,OH-10,3.0,1.0,1.0,1,R,R,D,"109,981","215,724",0.821609333333,3.71586533333,3.7844865,1.528806,3.0684,3.75371333333,1.532315,3.75,
257,U000031,repfredupton,Fred Upton,M,rep,Republican,MI-06,4.0,1.0,1.0,1,R,R,D,"119,980","193,259",6.2853075,17.383616825,5.566586,9.74772833333,4.24886333333,1.8432245,2.8308575,1.316904,10.9683886
258,V000081,nydiavelazquez,Nydia M. Velázquez,F,rep,Democrat,NY-07,12.0,1.0,1.0,1,D,D,R,"17,478","172,146",-29.987208,-68.81642,-2.09589,-21.6107,-4.9892252,-0.832947,-18.386477,-3.07967333333,
259,V000108,repvisclosky,Peter J. Visclosky,M,rep,Democrat,IN-01,1.0,1.0,1.0,1,D,D,L,"47,051","207,515",,,-1.561243,,-2.2056,-0.911504,,-1.15044,-1.49618
260,W000798,repwalberg,Tim Walberg,M,rep,Republican,MI-07,7.0,1.0,1.0,1,R,R,D,"134,010","184,321",-2.9660825,3.7697406,1.5688235,5.105665,1.023214,0.998398,2.05977433333,1.3263005,7.73990833333
261,W000791,repgregwalden,Greg Walden,M,rep,Republican,OR-02,2.0,1.0,1.0,1,R,R,D,"106,640","272,952",-11.1850635,,0.890323,1.06429,10.1681,11.8957,9.52427,21.5939,21.3808
262,W000799,reptimwalz,Timothy J. Walz,M,rep,Democrat,MN-01,1.0,1.0,1.0,1,D,D,R,"166,526","169,074",0.9868,0.863670435,-10.2359033333,-3.698382,-2.95041,-14.6400775,,,-11.4248055638
263,W000797,repdwstweets,Debbie Wasserman Schultz,F,rep,Democrat,FL-23,20.0,1.0,1.0,1,D,D,R,"130,818","183,225",-31.90546225,-45.3221025,-28.973766,3.81055755,0.010264,-20.8104475,-19.95029175,-54.8077,-18.3282768471
264,W000187,maxinewaters,Maxine Waters,F,rep,Democrat,CA-43,29.0,1.0,1.0,1,D,D,R,"52,499","167,017",,,,,,-0.935752,-2.10752,,
265,W000806,repwebster,Daniel Webster,M,rep,Republican,FL-11,8.0,1.0,1.0,1,R,R,D,"124,713","258,016",,,,,2.80599,0.974138,0.989362,0.977778,1.33673
266,W000800,peterwelch,Peter Welch,M,rep,Democrat,VT-AL,0.0,1.0,1.0,1,D,D,LU,"29,410","264,414",-2.528465,-3.2126,-2.448616,-6.91603666667,-3.3084,-2.60265,-3.11828,-2.40554,-2.97136333333
267,W000795,repjoewilson,Joe Wilson,M,rep,Republican,SC-02,2.0,1.0,1.0,1,R,R,D,"109,452","183,746",3.46545266667,20.52605,2.608905,0.9329385,2.4370212,0.974138,1.45948633333,2.381481,1.13861
268,W000808,repwilson,Frederica S. Wilson,F,rep,Democrat,FL-24,17.0,1.0,1.0,0,D,D,,,,-58.5145325,-77.1195525,-64.2004066667,-29.1032115714,-10.0375325,-10.0213633333,-12.0911514286,-22.7359414286,-43.026312
269,W000804,robwittman,Robert J. Wittman,M,rep,Republican,VA-01,1.0,1.0,1.0,1,R,R,D,"140,785","230,213",4.34095,,2.064162255,,,,,3.75,
270,W000809,rep_stevewomack,Steve Womack,M,rep,Republican,AR-03,3.0,1.0,1.0,1,R,R,L,"63,715","217,192",1.7680526,3.08881166667,0.475326333333,2.98553571429,4.4001,6.45458857143,2.58298666667,1.492856,3.25537
271,W000810,reprobwoodall,Rob Woodall,M,rep,Republican,GA-07,7.0,1.0,1.0,1,R,R,D,"114,220","174,081",3.0266445,10.907005,7.463395,21.0109,1.9789915,1.71415,2.851121,14.3859506667,4.55445
272,W000779,ronwyden,Ron Wyden,M,rep,Democrat,OR,3.0,1.0,1.0,1,D,D,R,"651,106","1,105,119",-23.538565,-35.355218,-6.83471661,-21.209182,-0.846154,-8.48965,-2.25152376667,-2.514915,-10.1563925
273,Y000062,repjohnyarmuth,John A. Yarmuth,M,rep,Democrat,KY-03,3.0,1.0,1.0,1,D,D,R,"122,093","212,401",-60.2224454,-64.7119733333,-60.938525,-29.0894403333,-27.114925,-69.9808,-57.6422,-43.0385,-50.4610666667
274,Y000063,repkevinyoder,Kevin Yoder,M,rep,Republican,KS-03,3.0,1.0,1.0,1,R,R,D,"139,300","176,022",0.7463941132,8.088735,0.952924795333,4.5616075,1.3538075,2.0793513396,1.458124,1.861864,1.575736
275,Y000033,repdonyoung,Don Young,M,rep,Republican,AK-AL,0.0,1.0,1.0,1,R,R,D,"111,019","155,088",-3.50596,,,,,,,,
276,A000369,markamodeinv2,Mark E. Amodei,M,rep,Republican,NV-02,2.0,1.0,1.0,1,R,R,D,"115,722","182,676",0.852349,3.3388575,,,0.90678,2.19418,1.17822,1.73846,1.13861
277,B001278,repbonamici,Suzanne Bonamici,F,rep,Democrat,OR-01,1.0,1.0,1.0,1,D,D,R,"139,756","225,391",-8.2845825,-62.24095,-3.6247165,-14.1411075,-2.88984,-49.1573166667,-24.3373535,-1.96088,-7.684395
278,D000617,repdelbene,Suzan K. DelBene,F,rep,Democrat,WA-01,1.0,1.0,1.0,1,D,D,R,"155,779","193,619",-11.9833645,-12.0687316667,-6.32274366667,-2.66991583333,-3.852715,-3.963374,-7.50693716667,-2.515986,-2.1108875
279,M001184,repthomasmassie,Thomas Massie,M,rep,Republican,KY-04,4.0,1.0,1.0,1,R,R,D,"94,065","233,922",0.884615,0.867052,1.78065,,,,,1.5,
280,P000604,repdonaldpayne,Donald M. Payne Jr.,M,rep,Democrat,NJ-10,10.0,1.0,1.0,1,D,D,R,"26,450","190,856",-24.8573825,-93.3599666667,-69.663325,-49.6944,-13.593715,,,,-4.45744
281,S001194,senbrianschatz,Brian Schatz,M,sen,Democrat,HI,,1.0,1.0,1,D,D,R,"92,653","306,604",-40.88888,-29.666305,-16.0831175,-2.51363,-18.1556333333,-1.633146,-5.87877,-1.803175,-11.2287425
282,F000454,repbillfoster,Bill Foster,M,rep,Democrat,IL-11,14.0,1.0,1.0,1,D,D,R,"108,995","166,578",-0.6100558868,-58.352024,-6.2036462,-3.14754,-1.9088588,-6.9861,-1.2017505,-2.308945,-5.742025
283,T000468,repdinatitus,Dina Titus,F,rep,Democrat,NV-01,3.0,1.0,1.0,1,D,D,R,"54,174","116,537",-10.2843916667,-44.1315242857,-9.03525525571,-10.8625857143,-8.06151142857,-15.757245,-8.96120383333,-11.2435454208,-10.583036
284,S001191,repsinema,Kyrsten Sinema,F,rep,Democrat,AZ-09,9.0,1.0,1.0,1,D,D,R,"108,350","169,055",-1.82291216667,-4.23894333333,-2.3063812,-1.84433233333,-3.078995,-2.261909445,-1.55771485714,-2.78525857143,-2.03451733333
285,L000578,replamalfa,Doug LaMalfa,M,rep,Republican,CA-01,1.0,1.0,1.0,1,R,R,D,"128,588","185,448",,-1.12144666667,8.20525,4.31033,,11.7561,,,
286,H001068,rephuffman,Jared Huffman,M,rep,Democrat,CA-02,2.0,1.0,1.0,1,D,D,R,"76,572","254,194",-39.934045,-137.699665,-17.295775,-74.54865,-11.7818,,-30.46125,-30.347825,-32.61278
287,B001287,repbera,Ami Bera,M,rep,Democrat,CA-07,7.0,1.0,1.0,1,D,D,R,"145,168","152,133",-1.599225,-6.0840875,-0.923975,-0.939597,-1.96694,-13.861151,-0.677003566667,-0.00983662,-1.72477
288,C001094,reppaulcook,Paul Cook,M,rep,Republican,CA-08,8.0,1.0,1.0,1,R,R,D,"83,035","136,972",,5.57515,,,,,,,
289,S001193,repswalwell,Eric Swalwell,M,rep,Democrat,CA-15,15.0,1.0,1.0,1,D,D,R,"70,619","198,578",-52.8407331667,-49.66201,-25.724192,-12.96524,-6.41259471429,-17.39224,-4.69250785714,-4.94516857143,-27.6137428571
290,V000129,repdavidvaladao,David G. Valadao,M,rep,Republican,CA-21,21.0,1.0,1.0,1,R,R,D,"57,282","75,126",2.12732,4.865515,0.890323,0.929032,-0.315945,1.08696,,1.401169,
291,B001285,juliabrownley26,Julia Brownley,F,rep,Democrat,CA-26,26.0,1.0,1.0,1,D,D,R,"111,059","169,248",-37.2387496667,-3.03617635,-34.5098,-18.8531,-27.0769,6.0426,-0.388011,,-32.916
292,C001097,repcardenas,Tony Cárdenas,M,rep,Democrat,CA-29,29.0,1.0,1.0,1,D,D,D,"43,417","128,407",-9.85918285714,-37.8185783333,-7.61463142857,-12.2674221667,-1.50950847267,-19.87875,-3.16128,-2.34782,-40.00347
293,R000599,congressmanruiz,Raul Ruiz,M,rep,Democrat,CA-36,36.0,1.0,1.0,1,D,D,R,"88,269","144,348",-0.61981365,,,-2.49504,-0.966387,,,-1.17391,
294,T000472,repmarktakano,Mark Takano,M,rep,Democrat,CA-41,41.0,1.0,1.0,1,D,D,R,"69,159","128,164",-1.37229,3.6984961,-27.451,,,-51.52,-19.030025,-8.9282,-76.3053
295,L000579,replowenthal,Alan S. Lowenthal,M,rep,Democrat,CA-47,47.0,1.0,1.0,1,D,D,R,"88,109","154,759",-7.46793333333,-57.731128,-7.21117875,-3.58217,-10.18587,-2.12565,-10.091672,-5.939632,-23.258932
296,V000130,repjuanvargas,Juan Vargas,M,rep,Democrat,CA-51,51.0,1.0,1.0,1,D,D,R,"54,362","145,162",-30.4135202,-68.9665873333,-0.962028,-11.7001157,-0.94253825,-44.1357775,-22.1690385,-48.3974,-39.22781
297,P000608,repscottpeters,Scott H. Peters,M,rep,Democrat,CA-52,52.0,1.0,1.0,1,D,D,R,"139,403","181,253",-6.31422,-19.97105,-8.647878,-12.29459,-5.805896,-20.0170908,-18.4443833333,-2.58757333333,-15.49945
298,E000293,repesty,Elizabeth H. Esty,F,rep,Democrat,CT-05,5.0,1.0,1.0,1,D,D,R,"129,801","179,252",-32.1788849836,-16.31964,-39.093249,-25.93191,-5.214245,-14.197712,-31.15473,-16.4424,-0.663055633333
299,Y000065,reptedyoho,Ted S. Yoho,M,rep,Republican,FL-03,3.0,1.0,1.0,1,R,R,D,"136,338","193,843",1.53883,3.8879005,,0.133369,1.06785,,,,
300,D000621,repdesantis,Ron DeSantis,M,rep,Republican,FL-06,6.0,1.0,1.0,1,R,R,D,"151,051","213,519",,1.28861866667,-20.007,8.36129,6.32088,3.14922,3.38306,4.25926,2.67346
301,F000462,reploisfrankel,Lois Frankel,F,rep,Democrat,FL-21,22.0,1.0,1.0,1,D,D,R,"118,038","210,606",-65.9359578333,-106.45752,-23.3990333333,-13.3906235,-2.7052302,-38.41555,-36.527012,-29.163275,-48.566041
302,C001093,repdougcollins,Doug Collins,M,rep,Republican,GA-09,9.0,1.0,1.0,0,R,R,NONE,0,"256,535",,1.4430515,0.7915655,1.05357,,,,1.71884,1.806975
303,G000571,tulsipress,Tulsi Gabbard,F,rep,Democrat,HI-02,2.0,1.0,1.0,1,D,D,R,"39,668","170,848",-5.13099666667,-9.110062,-4.42375714286,-10.48271,-4.345324,-3.32835,-3.0437875,-6.610294,-5.650186
304,D000619,rodneydavis,Rodney Davis,M,rep,Republican,IL-13,13.0,1.0,1.0,1,R,R,D,"126,811","187,583",0.7000332,7.9422836,6.76859833333,7.326775,2.88131,2.08334,7.54379,3.378383,0.63718575
305,B001286,repcheri,Cheri Bustos,F,rep,Democrat,IL-17,17.0,1.0,1.0,1,D,D,R,"113,943","173,125",0.94022925,-47.904342,-1.738065,-36.5972,-26.0,-11.740669,-0.73194813,-8.0352134,-0.38571014
306,W000813,repwalorski,Jackie Walorski,F,rep,Republican,IN-02,2.0,1.0,1.0,1,R,R,D,"102,401","164,355",7.504365,17.2559913333,9.2534015,13.3713143,1.45211,,0.989362,31.38983335,
307,B001284,susanwbrooks,Susan W. Brooks,F,rep,Republican,IN-05,5.0,1.0,1.0,1,R,R,D,"123,849","221,957",-1.8599354,20.762442,3.97737,2.7991425,0.90678,6.7717,4.09489,,11.75152275
308,M001189,replukemesser,Luke Messer,M,rep,Republican,IN-06,6.0,1.0,1.0,1,R,R,D,"79,135","204,920",1.479195,15.18028,4.40053333333,16.349015,0.50533065,0.974138,,1.290241,
309,B001282,repandybarr,Andy Barr,M,rep,Republican,KY-06,6.0,1.0,1.0,1,R,R,D,"128,728","202,099",17.9884,,1.14141,2.111615,,,,0.8605415,4.2549
310,K000379,repjoekennedy,Joseph P. Kennedy III,M,rep,Democrat,MA-04,4.0,1.0,1.0,1,D,D,R,"113,055","265,823",-2.05351,-41.26821,-11.224889,-3.2057314,-1.7489334,-1.208995,-2.20035,17.10238169,-1.716095
311,D000620,repjohndelaney,John K. Delaney,M,rep,Democrat,MD-06,6.0,1.0,1.0,1,D,D,R,"133,081","185,770",-0.892394,-5.9709,-0.784314,-1.07639,-0.974477,-22.624015,-1.5929665,,
312,K000380,repdankildee,Daniel T. Kildee,M,rep,Democrat,MI-05,5.0,1.0,1.0,1,D,D,R,"112,102","195,279",-42.9841075,-9.01568,-49.7091125,-11.8283407,-2.4547175,-44.18955,,,
313,N000127,usrepricknolan,Richard M. Nolan,M,rep,Democrat,MN-08,6.0,1.0,1.0,1,D,D,R,"177,089","179,098",-39.178265,-1.15680826,-1.44108,5.81151,,,0.514431,,0.0109799
314,W000812,repannwagner,Ann Wagner,F,rep,Republican,MO-02,2.0,1.0,1.0,1,R,R,D,"155,689","241,954",3.18494,8.80469585714,3.9297965,8.36789322333,1.248435,2.47463,1.27395488,1.707477,9.21219
315,H001067,reprichhudson,Richard Hudson,M,rep,Republican,NC-08,8.0,1.0,1.0,1,R,R,D,"133,182","189,863",9.52496716667,13.10495,1.941058,5.6351555,4.6052442,8.538862,3.44184375,18.794567,2.4565022
316,P000606,reppittenger,Robert Pittenger,M,rep,Republican,NC-09,9.0,1.0,1.0,1,R,R,D,"139,041","193,452",-9.20233333333,3.4229106,2.28282,0.7937105,0.97078,,9.229925,19.5070333333,
317,M001187,repmarkmeadows,Mark Meadows,M,rep,Republican,NC-11,11.0,1.0,1.0,1,R,R,D,"129,103","230,405",2.03407185714,-0.0747975,3.70657433333,6.623094,5.254774,2.10232566667,4.4187125,8.45743,18.5865666667
318,H001065,repholding,George Holding,M,rep,Republican,NC-02,13.0,1.0,1.0,1,R,R,D,"169,082","221,485",,,,,5.44068,3.75,,,
319,C001096,repkevincramer,Kevin Cramer,M,rep,Republican,ND-AL,0.0,1.0,1.0,1,R,R,D,"80,377","233,980",9.155335,0.876149,,0.0474593,7.51100666667,9.4155,1.16667,62.863,2.35306333333
320,K000382,repanniekuster,Ann M. Kuster,F,rep,Democrat,NH-02,2.0,1.0,1.0,1,D,D,,"158,825","174,371",-22.76115625,-9.35740142,-2.48709825,-1.0103985,-1.2802955,-11.533215,-0.917099065033,2.82439,-32.1222333333
321,L000580,replujangrisham,Michelle Lujan Grisham,F,rep,Democrat,NM-01,1.0,1.0,1.0,1,D,D,R,"96,879","181,088",-30.365658,-92.89123,-16.765262,-25.234888,-10.8697236667,-14.8824975,-17.42267,-41.227568,-34.23383
322,M001188,repgracemeng,Grace Meng,F,rep,Democrat,NY-06,6.0,1.0,1.0,1,D,D,R,"50,617","136,506",-39.335906,-43.7280014286,-3.019642,-5.13287847143,-3.00220333333,-2.70089,-2.608437,-3.362264,-10.3807333333
323,J000294,repjeffries,Hakeem S. Jeffries,M,rep,Democrat,NY-08,8.0,1.0,1.0,1,D,D,C,"15,401","214,595",-38.53103175,-53.706497,-11.7411328,-8.9261755,-26.3022333333,-1.27869,-5.0597028,-31.41611,-10.72490775
324,M001185,repseanmaloney,Sean Patrick Maloney,M,rep,Democrat,NY-18,18.0,1.0,1.0,1,D,D,R,"129,369","162,060",-2.00224502,-3.27115366667,-5.37596285714,-3.1595595,-5.7069324,-19.5672485,-1.931081,-1.187102,-0.926557333333
325,C001092,repchriscollins,Chris Collins,M,rep,Republican,NY-27,27.0,1.0,1.0,1,R,R,D,"107,832","220,885",2.3603845,0.876916333333,1.047829,0.5985105,2.256545,,1.003615,19.1231,4.094325
326,W000815,repbradwenstrup,Brad R. Wenstrup,M,rep,Republican,OH-02,2.0,1.0,1.0,1,R,R,D,"111,694","221,193",-0.317603033333,11.3333,13.3594,0.129049,0.333333,,1.661289,41.16575,15.9406
327,B001281,repbeatty,Joyce Beatty,F,rep,Democrat,OH-03,3.0,1.0,1.0,1,D,D,R,"91,560","199,791",-15.9599071429,-98.299216,-24.2237793333,-50.03232,-18.17458,-47.21548,-18.253332,-30.72372848,-33.542606
328,J000295,repdavejoyce,David P. Joyce,M,rep,Republican,OH-14,14.0,1.0,1.0,1,R,R,D,"130,907","219,191",0.738331,4.07879,1.80073333333,10.0244733333,1.03478,1.79645,7.03748333333,7.6301915,16.8775
329,B001283,repjbridenstine,Jim Bridenstine,M,rep,Republican,OK-01,1.0,1.0,1.0,1,R,R,,,,,3.148411,,0.9410785,,,2.1165,,
330,M001190,repmullin,Markwayne Mullin,M,rep,Republican,OK-02,2.0,1.0,1.0,1,R,R,D,"62,387","189,839",4.0359325,4.394284,3.6879552,2.060946,1.12973,1.31502533333,2.22314666667,11.5108806667,7.03430933333
331,P000605,repscottperry,Scott Perry,M,rep,Republican,PA-04,4.0,1.0,1.0,1,R,R,D,"113,372","220,628",-5.2530575,8.2235865,4.94336483667,7.77476,2.255575135,9.452005,6.20024333333,16.6355225,1.3966365
332,R000598,keithrothfus,Keith J. Rothfus,M,rep,Republican,PA-12,12.0,1.0,1.0,1,R,R,D,"137,353","221,851",9.639635,13.7347475,3.53999,3.6482224,0.171213,11.9565,7.134585,13.0385,7.8451
333,C001090,repcartwright,Matt Cartwright,M,rep,Democrat,PA-17,17.0,1.0,1.0,1,D,D,R,"135,430","157,734",,,,,,,,-1.09615,
334,R000597,reptomrice,Tom Rice,M,rep,Republican,SC-07,7.0,1.0,1.0,1,R,R,D,"112,744","176,468",-0.4596735,,1.78065,3.856081,1.0121425,2.11304,,,
335,W000814,txrandy14,Randy K. Weber Sr.,M,rep,Republican,TX-14,14.0,1.0,1.0,1,R,R,D,"99,054","160,631",2.77887,2.538835,2.6189315,6.07081875,,1.541873,,2.60769,3.47872
336,O000170,repbetoorourke,Beto O'Rourke,M,rep,Democrat,TX-16,16.0,1.0,1.0,1,D,D,L,"17,491","150,228",-1.3184895,-3.245385,-0.557214915,-0.90791,-2.95041,-1.06667,-1.37562,-1.09759666667,-0.748092
337,C001091,joaquincastrotx,Joaquin Castro,M,rep,Democrat,TX-20,20.0,1.0,1.0,1,D,D,L,"29,055","149,640",-2.08127623333,-1.93879333333,-21.4889683333,-0.521664,,-1.542323,-1.0033145,-1.98907666667,-4.65094802
338,W000816,reprwilliams,Roger Williams,M,rep,Republican,TX-25,25.0,1.0,1.0,1,R,R,D,"117,073","180,988",11.4925,13.0058,1.524955,0.7937105,,6.52174,,,
339,V000131,repveasey,Marc A. Veasey,M,rep,Democrat,TX-33,33.0,1.0,1.0,1,D,D,R,"33,222","93,147",-39.828754,-66.0017666667,-6.1606615,-27.9026125,-8.7248225,-36.4602,,-2.867425,
340,V000132,repfilemonvela,Filemon Vela,M,rep,Democrat,TX-34,34.0,1.0,1.0,1,D,D,R,"62,323","104,638",,,-3.25715,,,,,,-2.06316
341,S001192,repchrisstewart,Chris Stewart,M,rep,Republican,UT-02,2.0,1.0,1.0,1,R,R,D,"93,778","170,524",6.26916333333,4.71915,5.99789,2.904485,2.74108,2.097246,,15.03636,
342,K000381,repderekkilmer,Derek Kilmer,M,rep,Democrat,WA-06,6.0,1.0,1.0,1,D,D,R,"126,116","201,718",-9.10406833333,2.18489,-2.076942,-17.3387143333,-10.2345355,-3.24,-2.33948,-1.06452,-2.24427
343,H001064,repdennyheck,Denny Heck,M,rep,Democrat,WA-10,10.0,1.0,1.0,1,D,D,R,"120,104","170,460",,-300.145,-10.5279033333,-17.045025,,-18.14737,-16.686711,-40.5577,-62.14465
344,P000607,repmarkpocan,Mark Pocan,M,rep,Democrat,WI-02,2.0,1.0,1.0,1,D,D,R,"124,044","273,537",-45.2187595,-57.687812,-22.162348,-15.3677325,-19.2584574,-26.293335,-1.8021,-15.07906,-22.527765
345,K000385,reprobinkelly,Robin L. Kelly,F,rep,Democrat,IL-02,2.0,1.0,1.0,1,D,D,R,"59,471","235,051",-14.2585875,-55.32712,-8.32612333333,-8.9345975,-9.3681375,-15.3366333333,-0.848739,-34.5132,0.9667625
346,S000051,repsanfordsc,Mark Sanford,M,rep,Republican,SC-01,1.0,1.0,1.0,1,R,R,D,"119,799","190,410",1.7001945,13.25144,2.3866576,1.2581965,3.929076,1.8513726,3.389155,6.19678,2.644827
347,S001195,repjasonsmith,Jason Smith,M,rep,Republican,MO-08,8.0,1.0,1.0,1,R,R,D,"70,009","229,792",1.403405,4.2752475,0.522451,12.6722,0.333333,4.79362,0.94898,,
348,C001101,repkclark,Katherine M. Clark,F,rep,Democrat,MA-05,5.0,1.0,1.0,1,D,D,Write in,"4,201","285,606",-34.6756257143,-64.301112,-13.5237408571,-40.6535957,-30.1769135,-47.1662208,-20.58157,-3.35539666667,-42.392298
349,B001289,repbyrne,Bradley Byrne,M,rep,Republican,AL-01,1.0,1.0,1.0,0,R,R,write in,"7,810","208,083",3.688259,17.2593685714,21.695625,11.6142081714,12.86225906,6.83744116667,6.8246124,6.8000746,11.46605
350,B001290,repdavebrat,Dave Brat,M,rep,Republican,VA-07,7.0,1.0,1.0,1,R,R,D,"160,159","218,057",-1.162219,5.15152,4.01086,16.6373933333,,2.19418,,22.4853,0.00548438615
351,N000188,donaldnorcross,Donald Norcross,M,rep,Democrat,NJ-01,1.0,1.0,1.0,1,D,D,R,"112,388","183,231",-61.7499057143,-96.7390085714,-63.6979714286,-46.2370546857,-32.4568857143,-41.8910435714,-41.979856,-9.29175142857,-39.4966325714
352,A000370,repadams,Alma S. Adams,F,rep,Democrat,NC-12,12.0,1.0,1.0,1,D,D,R,"115,185","234,115",-57.8260561667,-73.157548,-13.865356,-27.4814267,-12.7508394,-24.185322,-31.174888,-21.194498,-37.81686
353,P000609,usrepgarypalmer,Gary J. Palmer,M,rep,Republican,AL-06,6.0,1.0,1.0,1,R,R,D,"83,709","245,313",-0.602145,4.222761,1.90619,11.0436935,1.240658,1.39361533333,1.05825,19.4096,2.08829266667
354,H001072,repfrenchhill,J. French Hill,M,rep,Republican,AR-02,2.0,1.0,1.0,1,R,R,D,"111,347","176,472",,11.1906933333,4.3875,4.01043,4.494398,5.781034,1.3010515,3.22049,2.3314736
355,W000821,repwesterman,Bruce Westerman,M,rep,Republican,AR-04,4.0,1.0,1.0,1,R,R,L,"61,274","182,885",9.13553666667,4.63154333333,2.06198,12.298038,2.03362,4.0244895,6.50009,6.54832166667,29.4081
356,M001197,repmcsally,Martha McSally,F,rep,Republican,AZ-02,2.0,1.0,1.0,1,R,R,D,"135,873","179,806",2.168786292,3.068032,6.610825,1.32530666667,2.4415425,3.665998,2.4925575,5.87693,1.1632105
357,G000574,reprubengallego,Ruben Gallego,M,rep,Democrat,AZ-07,7.0,1.0,1.0,1,D,D,R,"39,286","119,465",-67.91121,-66.919628,-63.7825012,-45.49974175,-22.4039708,-55.89134,-27.0990602857,-20.621056,-67.0499
358,D000623,repdesaulnier,Mark DeSaulnier,M,rep,Democrat,CA-11,11.0,1.0,1.0,1,D,D,R,"83,341","214,868",-3.126625,-57.179384,-0.905202,-5.999949,-10.4443707143,-16.290622,-22.0881761667,-20.6397875,-43.771056
359,K000387,steveknight25,Stephen Knight,M,rep,Republican,CA-25,25.0,1.0,1.0,1,R,R,D,"122,406","138,755",-0.0334621,,,0.129049,,,0.989362,,
360,A000371,reppeteaguilar,Pete Aguilar,M,rep,Democrat,CA-31,31.0,1.0,1.0,1,D,D,R,"94,866","121,070",-16.8375428333,-93.9012375,-37.647,-0.949153,-1.3499505,-29.1787,-3.77982,-3.45133,-61.3435
361,L000582,reptedlieu,Ted Lieu,M,rep,Democrat,CA-33,33.0,1.0,1.0,1,D,D,R,"110,822","219,397",-2.66884333333,-58.1596,-15.0647252,-22.8905134,-6.0582474,-8.5569675,-30.01362,-1.467386,-11.39229
362,T000474,normajtorres,Norma J. Torres,F,rep,Democrat,CA-35,35.0,1.0,1.0,1,D,D,R,"47,309","124,044",-0.785114225,-26.4573366667,-13.392645,-16.8695447525,-1.80698066667,-3.19264666667,-1.35702716667,-7.06347666667,-14.2758566667
363,W000820,repmimiwalters,Mimi Walters,F,rep,Republican,CA-45,45.0,1.0,1.0,1,R,R,D,"129,231","182,618",9.4017,11.2494285714,5.46926975,10.851675,3.8461375,1.791368,5.057038,7.65633483333,10.7153088333
364,B001297,repkenbuck,Ken Buck,M,rep,Republican,CO-04,4.0,1.0,1.0,1,R,R,D,"123,642","248,230",1.103371,4.755525,3.103446,5.267775,-0.000635728,5.943985,,0.796748,1.4622555
365,C001107,repcurbelo,Carlos Curbelo,M,rep,Republican,FL-26,26.0,1.0,1.0,1,R,R,D,"115,493","148,547",-2.81464333333,-1.39561616667,3.94550766667,8.9795896,3.090941,7.49815925,-7.4018825,1.870593,1.23539766667
366,C001103,repbuddycarter,"Earl L. ""Buddy"" Carter",M,rep,Republican,GA-01,1.0,1.0,1.0,1,R,R,NONE,0,"210,243",1.37997,7.13405,-2.29316,0.3597021,2.3071735,3.646495,,2.32012,4.94845
367,H001071,congressmanhice,Jody B. Hice,M,rep,Republican,GA-10,10.0,1.0,1.0,0,R,R,NONE,0,"243,725",5.78241833333,22.95875889,3.5580672,2.78348166667,2.34036166667,4.25689,4.937345,6.70186325,-1.3579105
368,L000583,reploudermilk,Barry Loudermilk,M,rep,Republican,GA-11,11.0,1.0,1.0,1,R,R,D,"105,383","217,935",-0.0662162,,2.991784,16.207875,0.90678,2.58093333333,,3.050926,
369,A000372,reprickallen,Rick W. Allen,M,rep,Republican,GA-12,12.0,1.0,1.0,1,R,R,D,"99,420","159,492",3.30991333333,7.68775666667,5.976595,4.77389666667,3.62314,1.67575925,1.64497666667,0.8096155,2.1529
370,B001294,reprodblum,Rod Blum,M,rep,Republican,IA-01,1.0,1.0,1.0,1,R,R,D,"177,403","206,903",1.2159208,1.00128657143,2.24843516667,5.303685,2.060018,3.25878685714,1.3860625,1.01522025,1.0424282
371,Y000066,repdavidyoung,David Young,M,rep,Republican,IA-03,3.0,1.0,1.0,`,R,R,D,"155,002","208,598",-8.37808214286,4.43739528571,1.68303014286,1.52132071429,2.37376857143,1.853682,1.66126857143,0.986043,0.0977514285714
372,B001295,repbost,Mike Bost,M,rep,Republican,IL-12,12.0,1.0,1.0,1,R,R,D,"124,246","169,976",2.44726375,1.35956066667,1.114624,,,,,,
373,A000374,repabraham,Ralph Lee Abraham,M,rep,Republican,LA-05,5.0,1.0,1.0,1,R,R,R,"47,117","208,545",0.967105,0.885246,,,,,,,3.03922
374,G000577,repgarretgraves,Garret Graves,M,rep,Republican,LA-06,6.0,1.0,1.0,1,R,R,D,"49,380","207,483",1.22383026,1.0177975,,0.991301,2.14961666667,0.974138,2.71631,0.869231,
375,M001196,teammoulton,Seth Moulton,M,rep,Democrat,MA-06,6.0,1.0,1.0,1,D,D,Write in,"5,132","308,923",-10.2233174,-39.223645,-9.080928,-6.886165,-14.323355,-49.923771,-2.67038825,-2.15559,-4.5605924
376,P000611,reppoliquin,Bruce Poliquin,M,rep,Republican,ME-02,2.0,1.0,1.0,1,R,R,D,"159,081","192,878",4.41976,0.7711691,5.594752,1.663265,-0.59611085,1.94828,1.53809,-0.00983662,
377,M001194,repmoolenaar,John R. Moolenaar,M,rep,Republican,MI-04,4.0,1.0,1.0,1,R,R,D,"101,277","194,572",1.7047,9.44767,,-0.55353586,,0.909836,,,
378,B001293,repmikebishop,Mike Bishop,M,rep,Republican,MI-08,8.0,1.0,1.0,1,R,R,D,"143,791","205,629",-3.0948175,2.72759475,11.32276,8.85399144,1.76801333333,1.092025,1.57482066667,8.1385,7.47268333333
379,T000475,repdavetrott,David A. Trott,M,rep,Republican,MI-11,11.0,1.0,1.0,1,R,R,D,"152,461","200,872",,,8.7149,,,,0.00160328,0.75,
380,D000624,repdebdingell,Debbie Dingell,F,rep,Democrat,MI-12,12.0,1.0,1.0,1,D,D,R,"96,104","211,378",-20.873194,-6.21488,-15.0498051633,-22.8072136667,-2.68474,-0.92,-4.07993366667,-27.50754,-30.7778
381,L000581,replawrence,Brenda L. Lawrence,F,rep,Democrat,MI-14,14.0,1.0,1.0,1,D,D,R,"58,103","244,135",-28.3832356667,-308.088,-18.40287725,-32.2486866667,0.698665,-43.500575,,,-0.8116335
382,E000294,reptomemmer,Tom Emmer,M,rep,Republican,MN-06,6.0,1.0,1.0,1,R,R,D,"123,008","235,380",1.28128204333,14.2285686667,1.308473405,0.746148,1.825336,1.72508133333,5.351245,6.220204,7.8399455
383,Z000018,repryanzinke,Ryan K. Zinke,M,rep,Republican,MT-AL,0.0,1.0,1.0,1,R,R,D,"205,919","285,358",1.436579622,1.6816428165,0.7152143,0.929032,,,,0.541437433333,1.93878
384,R000603,repdavidrouzer,David Rouzer,M,rep,Republican,NC-07,7.0,1.0,1.0,1,R,R,D,"135,905","211,801",,0.774211,,6.346995,4.003875,10.2422,5.478405,2.55556,1.17055
385,M001193,reptommacarthur,Thomas MacArthur,M,rep,Republican,NJ-03,3.0,1.0,1.0,1,R,R,D,"127,526","194,596",5.31686666667,9.99311533333,4.58148866667,3.90335725,5.41407,4.5655925,3.0714556,1.7037,1.0746305
386,W000822,repbonnie,Bonnie Watson Coleman,F,rep,Democrat,NJ-12,12.0,1.0,1.0,1,D,D,R,"92,407","181,430",-50.781084,-55.518636,-64.7707,-59.5860525,-2.787722,-7.18585,-57.6422,-22.26295,-0.862385
387,Z000017,repleezeldin,Lee M. Zeldin,M,rep,Republican,NY-01,1.0,1.0,1.0,1,R,R,D,"135,278","188,499",0.00384,1.36235233333,0.954248,,,,,,
388,R000602,repkathleenrice,Kathleen M. Rice,F,rep,Democrat,NY-04,4.0,1.0,1.0,1,D,D,R,"126,438","186,423",-31.05868,-37.666981,-14.601605,-13.7702575,-14.3055125,-31.863736,-19.386372,-15.9034625,-32.3911233333
389,S001196,repstefanik,Elise M. Stefanik,F,rep,Republican,NY-21,21.0,1.0,1.0,1,R,R,D,"82,161","177,886",2.893556,10.2358883333,4.07505333333,2.287085,1.53478,1.2444645,1.3016304,1.221765,1.1187978
390,K000386,repjohnkatko,John Katko,M,rep,Republican,NY-24,24.0,1.0,1.0,1,R,R,D,"119,040","182,761",1.4709545,,4.45,1.06429,2.060575,0.909836,,,
391,R000604,reprussell,Steve Russell,M,rep,Republican,OK-05,5.0,1.0,1.0,1,R,R,D,"103,273","160,184",,,,,,,,,
392,C001106,repryancostello,Ryan A. Costello,M,rep,Republican,PA-06,6.0,1.0,1.0,1,R,R,D,"155,000","207,469",0.64924875,6.86163,-0.6659385,1.65762,0.506929,2.34960333333,2.9090175,3.86111,1.13861
393,B001296,repbrendanboyle,Brendan F. Boyle,M,rep,Democrat,PA-13,13.0,1.0,1.0,0,D,D,NONE,0,"239,316",-1.630106,-7.58792833333,-2.0699352,-6.5473575,-3.7856,-3.99236566667,-1.1919196,-19.4830166667,-1.43550233333
394,R000601,repratcliffe,John Ratcliffe,M,rep,Republican,TX-04,4.0,1.0,1.0,1,R,R,L,"29,577","216,643",3.748715,2.9647175,2.82355266667,15.4678875,-0.0191668,5.57119,1.11731,14.9147666667,34.01508
395,H001073,hurdonthehill,Will Hurd,M,rep,Republican,TX-23,23.0,1.0,1.0,1,R,R,D,"107,526","110,577",8.98279,9.01522285714,9.27826571429,8.76904571429,9.99080428571,7.11775142857,6.10701,6.16520285714,3.46067
396,B001291,repbrianbabin,Brian Babin,M,rep,Republican,TX-36,36.0,1.0,1.0,1,R,R,G,"24,890","193,675",2.600034,6.18018,0.9222855,4.932613,1.03478,0.993688,0.154166,0.912281,7.8411215
397,L000584,repmialove,Mia B. Love,F,rep,Republican,UT-04,4.0,1.0,1.0,1,R,R,D,"113,413","147,597",3.96029883333,3.201824,5.565685,9.7951725,2.0426,1.360042,1.65271,0.869231,
398,B001292,repdonbeyer,Donald S. Beyer Jr.,M,rep,Democrat,VA-08,8.0,1.0,1.0,1,D,D,R,"98,387","246,653",-23.8526714286,-66.5134471429,-14.846734,-10.5374638571,-15.0021328571,-28.29554,-24.389584,-16.2268614286,-25.7908866667
399,C001105,repcomstock,Barbara Comstock,F,rep,Republican,VA-10,10.0,1.0,1.0,1,R,R,D,"187,712","210,791",1.86097357143,2.48829733333,1.38039728571,1.17947483333,-0.188811,0.92419875,1.06167533333,2.211808,1.92724
400,N000189,repnewhouse,Dan Newhouse,M,rep,Republican,WA-04,4.0,1.0,1.0,1,R,R,R,"97,402","132,517",1.37474,2.310694,2.21728666667,2.10714,2.508405,1.09709,17.6733,9.260145,2.10726
401,G000576,repgrothman,Glenn Grothman,M,rep,Republican,WI-06,6.0,1.0,1.0,1,R,R,D,"133,072","204,147",2.79424,,1.18058333333,31.2619,0.739611,,2.33333,27.765,
402,M001195,repalexmooney,Alexander X. Mooney,M,rep,Republican,WV-02,2.0,1.0,1.0,1,R,R,D,"101,207","140,807",-3.4198062,-0.304219,1.71765933333,-0.0138842666667,1.81356,,1.02857,,1.0746305
403,J000297,repevanjenkins,Evan H. Jenkins,M,rep,Republican,WV-03,3.0,1.0,1.0,1,R,R,D,"49,708","140,741",-1.37229,5.48786,,0.929032,1.03478,0.909836,1.17822,0.869231,1.13861
404,W000819,repmarkwalker,Mark Walker,M,rep,Republican,NC-06,6.0,1.0,1.0,1,R,R,D,"143,167","207,983",4.54513125,9.684375,2.6328206,1.48812325,1.01397333333,4.814865,2.1195,-2.31462366667,7.030302
405,D000625,repdandonovan,Daniel M. Donovan Jr.,M,rep,Republican,NY-11,11.0,1.0,1.0,1,R,R,D,"85,257","142,934",1.095444,1.8893884,2.46402,2.73117175,2.05159,1.885913,2.33334,34.6748666667,3.47872
406,K000388,reptrentkelly,Trent Kelly,M,rep,Republican,MS-01,1.0,1.0,1.0,1,R,R,D,"83,947","206,455",1.0059425,3.22075733333,,0.801587,1.81356,1.2302728,0.94337762,0.841508666667,1.2363066
407,L000585,replahood,Darin LaHood,M,rep,Republican,IL-18,18.0,1.0,1.0,1,R,R,D,"96,770","250,506",1.21113666667,3.51648085,,4.07761733333,0.243307,,1.009622,11.451855825,7.61239275
408,,candicemiller,,,,,,,,,,,,,,,1.678195,,0.0296569,-0.969076,,1.08696,,,
409,,cbrangel,,,,,,,,,,,,,,,-39.4343566667,-61.711175,-41.164824,-37.333904,-19.49034525,-32.6426424,-8.514975,-4.53695,-18.4588
410,,chrismurphyct,,,,,,,,,,,,,,,-10.588038,-42.5257383333,-4.71258857143,-4.56095714286,-6.45369833333,-18.425498,-17.7091425,-4.55987571429,-19.2308983333
411,,chrisvanhollen,,,,,,,,,,,,,,,-54.966055,-99.947165,-10.4795,,-13.2791,-3.83607,-0.720238,,
412,,conghuelskamp,,,,,,,,,,,,,,,3.18941,5.334424,9.78492,12.915598,10.034006,3.440394,8.91274,16.6057082,7.4087625
413,,corybooker,,,,,,,,,,,,,,,-45.880645,-4.2111669425,-10.52843122,-9.19176833333,-4.85467833333,-8.23936142857,-3.661115,-4.37139166667,-5.539673
414,,cynthialummis,,,,,,,,,,,,,,,0.94139,,-0.000331614,,1.69921,6.58254,2.96809,,6.29808
415,,eleanornorton,,,,,,,,,,,,,,,-0.548397666667,-103.856726667,-20.5549133333,-20.516311,-2.32136,-11.44163,-8.13047433333,-15.993942,-14.46809125
416,,grahamblog,,,,,,,,,,,,,,,,,,,,,,,
417,,inhofepress,,,,,,,,,,,,,,,,1.65101,,40.6679,,,,,0.0759917
418,,jeffflake,,,,,,,,,,,,,,,1.547759,1.84728433333,1.019619975,0.822770166667,-1.886997,,-0.503935,2.529937,8.911165
419,,johncarneyde,,,,,,,,,,,,,,,-40.971865,-7.26829,-10.9804,-0.66223,,,,,
420,,johncornyn,,,,,,,,,,,,,,,3.90583428571,4.05714533333,3.2353745,3.354876,3.0178075,5.6295476,4.949234,4.66647666667,2.0644865
421,,markwarner,,,,,,,,,,,,,,,-17.0736926,-39.4210775,-5.351112,-2.6731825,-1.63305,-16.3367333333,-11.78769,-3.8773175,-2.06316
422,,martinheinrich,,,,,,,,,,,,,,,-8.33973666667,-2.215294,-3.81881466667,-1.69395758167,-2.592655,-2.05151333333,-1.9440575,-1.803175,-5.11094333333
423,,maziehirono,,,,,,,,,,,,,,,-34.04503,-35.13,-0.905202,-17.2240933333,-4.48347,-4.800845,-8.50459,,
424,,mccaskilloffice,,,,,,,,,,,,,,,-1.73087,-30.37182385,-8.9328975,-2.1084975,-0.586722,1.78935333333,-0.857143,-1.6571925,-0.748092
425,,mcconnellpress,,,,,,,,,,,,,,,3.7176605,10.4020533333,-1.1219825,6.52826666667,0.90678,1.4345595,1.89659,1.9581045,11.8763
426,,pedropierluisi,,,,,,,,,,,,,,,,,,-1.04918,,-0.92,,,
427,,randy_forbes,,,,,,,,,,,,,,,,,,,,,,,
428,,randyneugebauer,,,,,,,,,,,,,,,,6.69974666667,,,,8.69566,1.05825,,
429,,rep_hunter,,,,,,,,,,,,,,,,,,,,,,,
430,,rep_janicehahn,,,,,,,,,,,,,,,-4.03617,-101.494743333,-34.026565,-57.2848,-1.69231,-1.82301,-1.9025,-2.45787,-28.1043
431,,repboustany,,,,,,,,,,,,,,,1.314222,0.571769,0.974576,9.514873,4.19265333333,,1.552931,0.796748,
432,,repbradashford,,,,,,,,,,,,,,,-1.33200342857,-0.859457142857,-1.23548633333,-1.65289,-5.73412333333,-0.0127521666667,-9.02155171429,-1.68808333333,-2.07550016667
433,,repchrisgibson,,,,,,,,,,,,,,,,,1.25,,,,,,
434,,repcorrinebrown,,,,,,,,,,,,,,,,,,,,,,,
435,,repcurtclawson,,,,,,,,,,,,,,,,-1.1656,,,3.88937333333,,,,
436,,repdold,,,,,,,,,,,,,,,3.40091428571,2.99362171429,2.83534983333,3.29454588,5.959971,1.953038,2.17609,3.19957,2.58455785714
437,,repdonnaedwards,,,,,,,,,,,,,,,-56.44879,-105.078647143,-63.2100157143,-57.5651942857,-37.8243333333,-53.0930671429,-27.95478,-42.72252,-46.0220314286
438,,repduckworth,,,,,,,,,,,,,,,-2.87244328571,-30.8147153333,-9.086106,-5.631834,-0.5963422,-3.64694333333,-2.78900266667,-2.491215,-0.6368835
439,,repfinchertn08,,,,,,,,,,,,,,,,7.4625115,,20.33164467,2.20613525,10.8463,4.7449,0.796748,
440,,repfitzpatrick,,,,,,,,,,,,,,,0.967105,,0.025,1.585715,,,1.02857,,1.069305
441,,repfleming,,,,,,,,,,,,,,,,3.95576,9.73685,31.2619,,3.26087,3.8665,,
442,,repfrankguinta,,,,,,,,,,,,,,,,2.88607,0.4748184,3.900565,,1.09709,,13.3235645,2.8401
443,,repgarrett,,,,,,,,,,,,,,,0.089041,6.5845,,,,,,,
444,,repgusbilirakis,,,,,,,,,,,,,,,1.31244333333,,,,,,1.89796,10.7116,
445,,repgwengraham,,,,,,,,,,,,,,,-34.1591698333,-9.42988,-1.3205806975,-2.00957775,-1.0,,,-2.67308666667,-1.50445
446,,rephardy,,,,,,,,,,,,,,,2.881545,10.322063,5.22993666667,3.146738,3.6788,3.31474166667,2.34272666667,4.37933025,2.3421875
447,,repjimmcdermott,,,,,,,,,,,,,,,2.65374,3.6031155,-68.6345,-1.3454685,0.651087,-0.00205981,,-1.96075,
448,,repjoeheck,,,,,,,,,,,,,,,0.757465666667,8.9252375,0.954248,1.378425,2.28095,0.978098666667,1.17822,0.843837333333,1.21569
449,,repjoepitts,,,,,,,,,,,,,,,1.7047,7.278476,6.46339,21.2858,2.87303666667,11.71112,6.67931,16.3370633333,
450,,repjohnkline,,,,,,,,,,,,,,,,,-0.384204,,,,,,
451,,repkirkpatrick,,,,,,,,,,,,,,,-1.31047833333,-5.084469,-9.4169525,-3.57215,-11.751425,-3.621416,-0.382118,-2.77265146,-0.6806467
452,,replindasanchez,,,,,,,,,,,,,,,-7.03938,-0.970588,-48.6747,-5.19844,,,-48.9317,0.408407,-63.40666
453,,reploiscapps,,,,,,,,,,,,,,,-33.196006,-45.494674,-2.3844825,-22.353045,-1.0,-29.50942,-18.3585175,-20.90466,-35.9949
454,,repmattsalmon,,,,,,,,,,,,,,,0.390071,2.465455,4.6782,24.574385,,,0.989362,,1.15957
455,,repmikehonda,,,,,,,,,,,,,,,-29.1321933333,-97.3387633333,-23.6539772,-2.4249848,-9.42386428571,-19.44412,-12.7034565,-31.43736,-27.7555836
456,,repmurphyfl,,,,,,,,,,,,,,,-38.16512,-1.890587,-7.87526766667,-3.6473936,0.749298428571,-11.5331091933,-29.0875215,-0.00421727,-32.8898566667
457,,repreneeellmers,,,,,,,,,,,,,,,9.5557755,14.2123683333,5.58965666667,10.6817925,17.6834033333,9.0957125,2.0807819,12.68976,5.8359
458,,repribble,,,,,,,,,,,,,,,3.31492,0.6508228165,4.174186,1.32837,2.298584,,5.53014,0.4283932,1.0
459,,reprichardhanna,,,,,,,,,,,,,,,,4.258835,13.179188,10.4365,,,1.05825,,
460,,reprichnugent,,,,,,,,,,,,,,,,,,,,,,,
461,,reproberthurt,,,,,,,,,,,,,,,0.9958475,-0.091158,1.0158665,,2.36364,,,0.851852,
462,,repsamfarr,,,,,,,,,,,,,,,-41.9162438571,-90.888035,-18.3665366667,-28.06575362,-7.37726616667,-13.4307516667,-11.5895033333,-2.476888,-37.468274
463,,repscottrigell,,,,,,,,,,,,,,,0.01143,3.8645325,1.367449,0.55051465,,1.916123,-5.71951e-05,,2.4242265
464,,repsteveisrael,,,,,,,,,,,,,,,-51.0455711667,-91.03824,-50.4255966667,-40.076849,-27.2631114,-51.41524,-7.96484133333,-41.8548,-38.5850675
465,,repstutzman,,,,,,,,,,,,,,,,,,,,,,,
466,,reptoddyoung,,,,,,,,,,,,,,,1.33452666667,5.62421275,3.0671,2.01617,0.97078,5.80135266667,0.989362,0.912281,
467,,repwestmoreland,,,,,,,,,,,,,,,1.4520978,9.113618,,0.929032,1.03478,1.552008,1.05825,,
468,,sen_joemanchin,,,,,,,,,,,,,,,-0.918747628,-0.879457671429,-0.9258795,-1.07639,-0.657059566667,-1.01521666667,,-1.762815,-1.03158
469,,senalexander,,,,,,,,,,,,,,,1.2705745,0.3722016,2.37096,5.66333333333,0.961795,1.08696,5.26568033333,9.56680366667,3.9345525
470,,senatorbaldwin,,,,,,,,,,,,,,,-18.7845085714,-22.1632031429,-22.7523094286,-19.223713,-3.78498483333,-11.6297216667,-10.53511,-7.6054532,-8.67325
471,,senatorcantwell,,,,,,,,,,,,,,,-42.5723183333,-8.84589666667,-3.72993766667,-21.85432,-10.628532,-18.030278,-17.871626,-9.65519666667,-17.863474
472,,senatorcardin,,,,,,,,,,,,,,,-8.692816,-4.9341826,-5.24167616667,-15.389205,-1.36532275,-8.17189833333,-9.316775,-5.43802285714,-9.632692
473,,senatorcarper,,,,,,,,,,,,,,,-38.9363833333,0.15367,-4.047725,-10.2278933333,-11.68786775,0.652402,-2.6037215,-1.83032,-2.4599655
474,,senatorcollins,,,,,,,,,,,,,,,,1.05226,1.380303,0.14090293,0.0,0.974138,0.863636,,1.13861
475,,senatordurbin,,,,,,,,,,,,,,,-29.6283928571,-29.3877883333,-3.2317105,-3.72352063333,-5.359328,-5.189545,-7.30508085714,-2.378870825,-6.442621
476,,senatorenzi,,,,,,,,,,,,,,,2.4914875,1.556405,2.42965333333,1.71432733333,1.983218,2.89788666667,4.5709515,1.5935,1.423668
477,,senatorfischer,,,,,,,,,,,,,,,3.75663316667,5.2602804,2.798815,3.001112,3.22024666667,,0.933992666667,4.40896124583,0.0788668333333
478,,senatorheitkamp,,,,,,,,,,,,,,,-8.98933257143,-18.08687,-0.90500025,-2.14021,-1.63064666667,-0.836949333333,-14.735149,-2.651522,-1.789495
479,,senatormenendez,,,,,,,,,,,,,,,-11.664095,-8.637506,-0.82984475,-19.8631466667,-1.79110333333,-16.889765,-13.5988375,-3.75403333333,-29.2327425
480,,senatorrisch,,,,,,,,,,,,,,,0.852349,1.9508175,2.5262015,,,1.08696,2.62413,5.7748075,1.33673
481,,senatorrounds,,,,,,,,,,,,,,,2.88976,-3.1945625,1.95747,0.58587,1.842355,4.51972,1.46385,1.40933366667,3.21113
482,,senatorshaheen,,,,,,,,,,,,,,,-26.9695901707,-15.7477271835,-2.19783,-2.15278,-3.06098,-2.29785205,-53.0742,,-3.8879284
483,,senatortester,,,,,,,,,,,,,,,-1.047010256,-18.217557652,-2.512975,-1.66174175,-0.972498125,4.511645,-2.10671916667,-0.125,-2.42563
484,,senatortomudall,,,,,,,,,,,,,,,-44.00378,-16.1137,-4.39086,-2.1436854,-6.593246,-0.9936168,-1.2177235,-2.81667,-1.421002325
485,,senatorwicker,,,,,,,,,,,,,,,3.311616,4.62742433333,1.8654875,13.706856,3.2985025,0.54124621,2.58152,2.91501275,16.7057866667
486,,senbillnelson,,,,,,,,,,,,,,,,,,-2.97313,,,,,
487,,senbobcasey,,,,,,,,,,,,,,,-19.9975066667,-4.65819,-1.2729415,-21.91895,-1.9442275,-3.82338666667,-12.6738597317,-7.01999,-36.6565
488,,senbobcorker,,,,,,,,,,,,,,,2.0968525,5.91175333333,2.7646356,4.465404,,1.81967,,1.74826,
489,,sencapito,,,,,,,,,,,,,,,6.745140904,1.93946142857,4.24871542857,1.931011468,2.2549311455,2.6684045,1.46312333333,9.88694333333,-3.701828
490,,sencoonsoffice,,,,,,,,,,,,,,,,,,,,,,,
491,,sencorygardner,,,,,,,,,,,,,,,5.0572666,1.988078,1.16126933333,3.10458333333,1.64564666667,,0.507937,0.8243,
492,,sendancoats,,,,,,,,,,,,,,,1.928316,1.221490825,,1.9417025,0.867233766667,3.387825,2.05875,1.81316266667,0.714777
493,,sendansullivan,,,,,,,,,,,,,,,0.6128665,3.59063366667,2.00654866667,1.266101,0.508405,1.04167,2.96808,37.3192,0.989691
494,,sendavidperdue,,,,,,,,,,,,,,,2.50876557143,5.71711,1.75778698333,4.863886,2.47193275,2.5619565,4.612465,1.76948683333,6.074925
495,,sendeanheller,,,,,,,,,,,,,,,2.96906333333,4.79915316667,4.14003833333,2.477304,3.061876,2.628315,4.8262825,11.48551466,11.3565296
496,,sendonnelly,,,,,,,,,,,,,,,-1.24402333333,0.460114571429,-1.84229,-6.1765076,-2.03095114286,-0.456892737143,-2.000039,-3.00304333333,-1.5825495
497,,senfeinstein,,,,,,,,,,,,,,,-22.06182,-39.3897,-7.2163675,-16.176455,-6.700642,-5.14094475,-19.0953303333,,-19.1840403333
498,,senfranken,,,,,,,,,,,,,,,0.17298,-29.1352833333,-1.06410914286,-20.468832,-6.640228,-22.4643975,-16.7294573333,-5.19713333333,-2.60836
499,,sengarypeters,,,,,,,,,,,,,,,-26.816004,-5.9575324,-4.8455865,-32.1779575,-2.2033912,-3.8836135,-0.905544,-4.06364666667,-1.167584
500,,sengillibrand,,,,,,,,,,,,,,,-3.49921833333,-9.24306,-6.73841333333,-15.6194283333,-7.45003166667,-21.6737973333,-18.842458,-7.48826833333,-21.0561157143
501,,senjackreed,,,,,,,,,,,,,,,-16.467005,-1.47561883333,-1.73504,-8.82790333333,-1.79233525,-2.513786,-18.7414833333,-3.11614666667,-6.627325
502,,senjeffmerkley,,,,,,,,,,,,,,,-28.9754483333,-26.059088,-6.19488666667,-13.0808183333,-6.3761802,-15.2047316667,-12.2031033333,-5.573892,-16.338904
503,,senjohnbarrasso,,,,,,,,,,,,,,,4.94289375,6.8251275,7.0798,5.47271333333,10.3478,12.068,,10.64325525,0.9948455
504,,senjoniernst,,,,,,,,,,,,,,,3.699435,4.20655,1.31246,1.07588625,0.591697,3.501122,1.003615,,
505,,senmarkey,,,,,,,,,,,,,,,-23.9655542857,-32.3732385714,-9.894866,-19.2790377333,-20.8923,-21.7112388,-10.6026016667,-4.87733,-11.7795322
506,,senorrinhatch,,,,,,,,,,,,,,,5.00944428571,11.0891685714,11.3367916667,11.1495028571,6.292435,5.26335166667,2.09324666667,19.990525,2.21462166667
507,,senpatroberts,,,,,,,,,,,,,,,4.02042516667,14.382158,3.2944895,2.294352325,2.42904,5.690237,3.76119832,21.0804666667,3.47871
508,,senronjohnson,,,,,,,,,,,,,,,3.96006375,3.0390168,2.271037,1.72652175,2.0318,,1.070808,0.8360224,1.1187978
509,,sensasse,,,,,,,,,,,,,,,3.460721694,3.01973,3.89831,-0.006542285,,,,11.9259,
510,,sensherrodbrown,,,,,,,,,,,,,,,-0.873145,-1.14148,-1.825096,-21.3501,-0.467001233333,0.422609,-16.6126786667,0.359652866667,-0.367748433333
511,,senstabenow,,,,,,,,,,,,,,,-63.2642207,-5.76666,-19.4640286667,-24.56805,-0.974929,-0.00416667,-1.0075165,-2.04545,
512,,sentedcruz,,,,,,,,,,,,,,,3.6942402,11.6878357143,9.690272,9.21747,3.985774,4.52719547614,2.4735025,13.884796,8.90401525
513,,senthadcochran,,,,,,,,,,,,,,,1.47371805,1.20924466667,4.049195,0.612929,-0.0241187,10.8463,,,0.0109799
514,,senthomtillis,,,,,,,,,,,,,,,-8.29187083333,7.01776333333,3.78693,-8.91075916667,8.99845142857,6.74467428571,6.1257,19.221848,3.88216228333
515,,sentomcotton,,,,,,,,,,,,,,,9.25909666667,18.984,5.86185571429,2.2139704,2.213375,5.598002,2.06388166667,17.3837833333,11.0704615714
516,,senwarren,,,,,,,,,,,,,,,-16.4723573667,-20.003685,,-9.44262,,,-2.296465,,
517,,senwhitehouse,,,,,,,,,,,,,,,-26.853336,-27.2744683333,-5.569098,-6.16086333333,-2.24604775,-9.1301285,-4.16576,-5.4757025,-2.09984375
518,,staceyplaskett,,,,,,,,,,,,,,,-74.4664,-64.3393,-21.4007,-3.61339,-14.520628,,,,-45.3449925
519,,stevedaines,,,,,,,,,,,,,,,0.614514,15.955496,3.19464633333,2.98832683333,1.9923725,1.18696533333,2.74124,,3.04465
520,,usrepdavidjolly,,,,,,,,,,,,,,,-8.07125,-7.5103775,,1.077513,1.84303666667,4.153915,1.68093,0.673365333333,1.02102810193
521,,usreprhinojosa,,,,,,,,,,,,,,,-4.53997,-2.240295,-5.79191,-28.12724,,,,-1.09615,
